Timestamp,Name,Email,Date of birth,Age,Province,Gender,Year of Study ,Field of Study,How many hours per day do you use each platform? [Facebook],How many hours per day do you use each platform? [Instagram],How many hours per day do you use each platform? [Snapchat],How many hours per day do you use each platform? [Tiktok],How many hours per day do you use each platform? [X (Twitter)],How many hours per day do you use each platform? [Other],"On average, how many hours of sleep do you get per night?",What devices do you use to access social media,Please indicate how much you agree or disagree with the following statements about social media and your mental health: [Social media helps me feel connected to others.],Please indicate how much you agree or disagree with the following statements about social media and your mental health: [Social media makes me feel anxious or stressed.],Please indicate how much you agree or disagree with the following statements about social media and your mental health: [Social media distracts me from academic work.],Please indicate how much you agree or disagree with the following statements about social media and your mental health: [Social media improves my mood when I feel lonely.],Select any of the following reasons for using social media:
3/18/2026 19:00:00,Mei Lopez,mei.lopez@outlook.com,9/16/2001,24.0,British Columbia,Female,3.0,Statistics,1.0,1.0,1.0,1.0,0.0,0.0,8.0,"Smartphone, Laptop",Neutral,Disagree,,Agree,"Staying in touch with friends / family, Academic or professional networking"
3/5/2026 17:00:00,Yuki Smith,yuki.smith@proton.me,4/16/2004,21.0,MB,Female,1.0,Computer Science,1.0,2.0,1.0,1.0,0.0,0.0,7.0,"Smartphone, Laptop, Desktop computer",Neutral,Neutral,Neutral,Agree,"Staying in touch with friends / family, Staying informed about news/events, Self-expression / creativity"
3/6/2026 08:00:00,Arjun Khan,arjun.khan@uottawa.ca,2/14/2007,19.0,Manitoba,Male,4.0,Psychology,1.0,2.0,2.0,2.0,0.0,0.0,5.0,"Smartphone, Tablet",Neutral,Neutral,Neutral,Neutral,"Entertainment / passing time, Staying informed about news/events, Self-expression / creativity"
3/6/2026 12:00:00,Lucas Chen,lucas.chen@icloud.com,7/20/2001,24.0,BC,Female,2.0,Chemistry,1.0,1.0,1.0,1.0,0.0,0.0,8.0,Laptop,Neutral,Disagree,Disagree,Agree,"Staying in touch with friends / family, Academic or professional networking"
3/10/2026 08:00:00,Nina Anderson,nina.anderson@icloud.com,5/3/2001,,ON,Male,1.0,Biology,1.0,1.0,1.0,1.0,0.0,0.0,8.0,Smartphone,Agree,Disagree,Disagree,Neutral,"Staying in touch with friends / family, Self-expression / creativity"
3/18/2026 18:00:00,Olivia Garcia,olivia.garcia@wilfridlaurier.ca,1/15/2007,19.0,ontario,Male,2.0,psycology,1.0,2.0,1.0,2.0,0.0,0.0,6.0,"Smartphone, Laptop, Gaming console",Agree,Neutral,Disagree,Agree,"Entertainment / passing time, Academic or professional networking, Staying informed about news/events"
3/8/2026 08:00:00,Aisha Singh,aisha.singh@hotmail.com,12/30/2008,17.0,british columbia,Female,1.0,psychology,1.0,,1.0,1.0,0.0,0.0,7.0,"Smartphone, Laptop, Tablet",Agree,Disagree,Disagree,Agree,"Entertainment / passing time, Academic or professional networking, Self-expression / creativity"
3/5/2026 11:00:00,Jamal Wilson,jamal.wilson@yorku.ca,3/2/2005,21.0,MB,Female,1.0,stats,1.0,2.0,2.0,3.0,0.0,0.0,6.0,"Smartphone, Laptop, Tablet, Smart TV",Agree,,Neutral,Neutral,"Entertainment / passing time, Self-expression / creativity"
3/18/2026 19:00:00,Jamal Nguyen,jamal.nguyen@gmail.com,2/1/2002,24.0,,Female,1.0,Psychology,1.0,2.0,,1.0,0.0,0.0,8.0,"Smartphone, Laptop, Smart TV",Agree,Neutral,,Agree,"Staying in touch with friends / family, Entertainment / passing time, Academic or professional networking, Self-expression / creativity"
3/8/2026 08:00:00,Nina Brown,nina.brown@icloud.com,8/27/2005,20.0,Alberta,,2.0,Computer Science,1.0,2.0,1.0,1.0,0.0,0.0,7.0,"Smartphone, Laptop",Agree,Disagree,Disagree,Strong agree,
3/10/2026 08:00:00,Arjun Patel,arjun.patel@icloud.com,4/29/2006,19.0,British Columbia,Female,1.0,Physics,1.0,2.0,1.0,3.0,0.0,0.0,7.0,"Smartphone, Tablet",Agree,Agree,Neutral,Agree,"Staying in touch with friends / family, Staying informed about news/events"
3/13/2026 17:00:00,Elena Chen,elena.chen@outlook.com,4/6/2004,21.0,Alberta,Female,1.0,econ,1.0,1.0,1.0,1.0,0.0,0.0,7.0,"Smartphone, Laptop, Desktop computer",Neutral,Strongly disagree,Disagree,Agree,"Entertainment / passing time, Academic or professional networking"
3/4/2026 19:00:00,Yuki Martin,,3/21/2002,23.0,ON,Male,2.0,stats,0.0,1.0,1.0,1.0,0.0,0.0,7.0,Gaming console,Neutral,Disagree,Strongly disagree,Neutral,Academic or professional networking
3/7/2026 13:00:00,Ethan Anderson,ethan.anderson@outlook.com,,19.0,Québec,Male,4.0,biology,1.0,1.0,1.0,1.0,0.0,0.0,7.0,Laptop,Agree,Disagree,Disagree,Neutral,"Entertainment / passing time, Self-expression / creativity"
3/10/2026 18:00:00,Ava Lopez,ava.lopez@icloud.com,8/9/2006,19.0,BC,Male,3.0,Biolgy,1.0,2.0,1.0,2.0,0.0,0.0,7.0,"Smartphone, Laptop, Tablet",Neutral,Neutral,Neutral,Agree,"Staying in touch with friends / family, Academic or professional networking, Self-expression / creativity"
3/5/2026 19:00:00,Elena Taylor,,5/8/2003,,British Columbia,Female,2.0,econ,1.0,2.0,1.0,2.0,0.0,0.0,7.0,"Smartphone, Desktop computer",Agree,Disagree,Disagree,Neutral,"Staying in touch with friends / family, Entertainment / passing time, Academic or professional networking, Staying informed about news/events, Self-expression / creativity"
1/1/2026 09:16:00,Jamal Clark,jamal.clark@viu.ca,4/14/2001,24.0,British Columbia,Female,2.0,engineering,0.0,1.0,0.0,1.0,0.0,0.0,8.0,"Smartphone, Tablet",Agree,Disagree,Disagree,Agree,"Entertainment / passing time, Academic or professional networking, Staying informed about news/events"
3/19/2026 17:00:00,Yuki Brown,yuki.brown@proton.me,,20.0,Alberta,Female,1.0,enginering,1.0,1.0,1.0,1.0,0.0,0.0,7.0,"Smartphone, Laptop, Tablet, Smart TV",Agree,Neutral,Disagree,Neutral,"Entertainment / passing time, Staying informed about news/events, Self-expression / creativity"
3/12/2026 14:00:00,Mia Gonzalez,mia.gonzalez@outlook.com,10/29/2001,24.0,Nova Scotia,Female,1.0,Computer Science,1.0,1.0,1.0,1.0,0.0,0.0,7.0,"Smartphone, Laptop",Agree,Disagree,Disagree,Agree,"Staying in touch with friends / family, Entertainment / passing time, Academic or professional networking, Staying informed about news/events"
3/5/2026 14:00:00,Noor Roy,noor.roy@gmail.com,8/31/2001,24.0,Alta,Female,,engineering,1.0,1.0,1.0,1.0,0.0,0.0,8.0,Smartphone,Agree,Disagree,Disagree,Agree,"Staying in touch with friends / family, Entertainment / passing time, Academic or professional networking, Self-expression / creativity"
3/4/2026 18:00:00,Sofia Gonzalez,sofia.gonzalez@mcgill.ca,8/26/2007,18.0,,Female,4.0,Visual Art,1.0,2.0,1.0,1.0,0.0,0.0,6.0,Laptop,Agree,Disagree,Disagree,Neutral,"Staying in touch with friends / family, Entertainment / passing time, Staying informed about news/events, Self-expression / creativity"
3/5/2026 17:00:00,Noor Moore,noor.moore@gmail.com,10/23/2007,18.0,ON,Male,2.0,CompSci,1.0,1.0,1.0,1.0,0.0,0.0,8.0,Smartphone,Agree,Neutral,Disagree,Agree,"Staying in touch with friends / family, Academic or professional networking, Self-expression / creativity"
3/3/2026 18:00:00,Aisha Chen,aisha.chen@icloud.com,10/4/2008,17.0,British Columbia,Male,1.0,econ,0.0,1.0,0.0,1.0,0.0,0.0,9.0,"Smartphone, Tablet",Agree,Disagree,Disagree,Strong agree,"Staying in touch with friends / family, Entertainment / passing time, Staying informed about news/events"
3/3/2026 14:00:00,Priya Lopez,priya.lopez@yahoo.com,12/4/2002,23.0,MB,Male,4.0,biology,1.0,2.0,2.0,2.0,,0.0,,"Laptop, Gaming console",Neutral,Disagree,Neutral,Neutral,"Entertainment / passing time, Academic or professional networking"
3/12/2026 14:00:00,Diego White,diego.white@gmail.com,7/5/2002,23.0,British Columbia,Male,1.0,psychology,0.0,1.0,1.0,1.0,0.0,0.0,8.0,"Smartphone, Laptop",Strong agree,Strongly disagree,Disagree,Agree,"Staying in touch with friends / family, Academic or professional networking"
3/2/2026 16:00:00,Mateo Lewis,mateo.lewis@outlook.com,,,BC,Male,2.0,CompSci,1.0,1.0,1.0,1.0,0.0,0.0,8.0,Laptop,Agree,Disagree,Disagree,Neutral,"Entertainment / passing time, Staying informed about news/events"
3/1/2026 15:00:00,Isabella Taylor,,1/31/2003,23.0,B.C.,Female,,biology,1.0,1.0,1.0,1.0,0.0,0.0,7.0,"Laptop, Tablet",Agree,Disagree,Disagree,Agree,Academic or professional networking
3/19/2026 17:00:00,Hana Hernandez,,3/18/2004,22.0,BC,Female,3.0,comp sci,1.0,2.0,1.0,1.0,0.0,0.0,6.0,"Smartphone, Laptop",Agree,Disagree,Disagree,Agree,"Entertainment / passing time, Academic or professional networking"
3/17/2026 17:00:00,Noah Wilson,noah.wilson@gmail.com,,,BC,Female,2.0,CompSci,1.0,2.0,1.0,2.0,0.0,0.0,7.0,"Laptop, Tablet",Agree,Neutral,Disagree,Neutral,"Entertainment / passing time, Academic or professional networking"
1/1/2026 09:29:00,Priya Patel,priya.patel@hotmail.com,10/18/2003,22.0,British Columbia,Male,1.0,Visual Art,1.0,2.0,1.0,2.0,0.0,0.0,,"Smartphone, Laptop, Tablet",Neutral,Disagree,Disagree,Agree,"Staying in touch with friends / family, Entertainment / passing time, Academic or professional networking, Self-expression / creativity"
3/19/2026 11:00:00,Sofia Harris,sofia.harris@uwaterloo.ca,,,British Columbia,Prefer not to say,1.0,Biology,1.0,2.0,1.0,3.0,0.0,0.0,5.0,,Neutral,Neutral,Neutral,Neutral,"Staying in touch with friends / family, Entertainment / passing time, Academic or professional networking, Staying informed about news/events"
3/10/2026 19:00:00,Hana Chen,hana.chen@proton.me,,21.0,British Columbia,Female,2.0,Computer Science,1.0,1.0,1.0,1.0,0.0,0.0,,"Smartphone, Laptop, Gaming console, Smart TV",Neutral,Strongly disagree,Disagree,Agree,Academic or professional networking
3/3/2026 19:00:00,Arjun Lopez,arjun.lopez@gmail.com,,,British Columbia,Female,3.0,stats,1.0,2.0,1.0,1.0,0.0,0.0,7.0,"Smartphone, Laptop, Desktop computer, Tablet",Agree,Neutral,Disagree,Agree,"Staying in touch with friends / family, Entertainment / passing time, Academic or professional networking, Staying informed about news/events, Self-expression / creativity"
3/15/2026 14:00:00,Lucas Clark,,1/15/2008,,british columbia,Female,2.0,,1.0,2.0,2.0,3.0,0.0,0.0,5.0,"Smartphone, Laptop, Desktop computer, Gaming console",Agree,Agree,Neutral,Neutral,"Entertainment / passing time, Self-expression / creativity"
3/6/2026 17:00:00,Oscar Hernandez,oscar.hernandez@icloud.com,2/2/2003,23.0,British Columbia,Male,3.0,comp sci,1.0,2.0,1.0,3.0,0.0,0.0,5.0,"Laptop, Tablet",Agree,Agree,Neutral,Neutral,"Entertainment / passing time, Staying informed about news/events, Self-expression / creativity"
3/12/2026 19:00:00,Isabella Wilson,isabella.wilson@uvic.ca,4/29/2009,16.0,BC,Male,1.0,Engineering,1.0,1.0,1.0,1.0,0.0,0.0,7.0,,Neutral,Disagree,Disagree,Neutral,Staying in touch with friends / family
3/8/2026 08:00:00,Oscar Moore,oscar.moore@icloud.com,4/16/2001,24.0,ON,Female,4.0,chem,1.0,1.0,1.0,1.0,0.0,0.0,8.0,"Tablet, Smart TV",Strong agree,Disagree,Disagree,Agree,"Staying in touch with friends / family, Entertainment / passing time, Academic or professional networking, Self-expression / creativity"
3/3/2026 10:00:00,Diego Smith,diego.smith@gmail.com,2/22/2008,18.0,B.C.,Female,1.0,Physics,1.0,1.0,1.0,1.0,0.0,0.0,7.0,"Smartphone, Laptop, Tablet",Neutral,Disagree,Neutral,Disagree,"Staying in touch with friends / family, Staying informed about news/events, Self-expression / creativity"
3/4/2026 10:00:00,Noor Anderson,noor.anderson@proton.me,7/23/2006,19.0,B.C.,Female,1.0,psychology,1.0,2.0,2.0,3.0,0.0,0.0,5.0,"Laptop, Desktop computer",Neutral,Neutral,Disagree,Agree,"Staying in touch with friends / family, Academic or professional networking, Self-expression / creativity"
3/8/2026 11:00:00,Kai White,kai.white@gmail.com,10/8/2009,16.0,Alta,Male,2.0,Psychology,1.0,1.0,1.0,1.0,0.0,0.0,,"Smartphone, Gaming console",Strong agree,Strongly disagree,Disagree,Agree,"Staying in touch with friends / family, Academic or professional networking"
3/7/2026 15:00:00,Kai Patel,kai.patel@outlook.com,10/25/2003,22.0,,Male,1.0,Psychology,1.0,1.0,1.0,1.0,0.0,0.0,7.0,Laptop,Neutral,Disagree,Disagree,Disagree,"Staying informed about news/events, Self-expression / creativity"
3/5/2026 16:00:00,Isabella Brown,isabella.brown@yahoo.com,5/13/2003,,Ontario,Male,2.0,Chemistry,1.0,1.0,1.0,1.0,0.0,0.0,7.0,Smartphone,Neutral,Disagree,Disagree,Neutral,Entertainment / passing time
3/11/2026 18:00:00,Noor Ali,noor.ali@concordia.ca,4/13/2006,19.0,B.C.,Female,1.0,econ,1.0,2.0,1.0,1.0,0.0,0.0,7.0,"Smartphone, Gaming console, Smart TV",Agree,Disagree,Disagree,Agree,"Entertainment / passing time, Academic or professional networking, Self-expression / creativity"
3/19/2026 09:00:00,Aisha Singh,aisha.singh@outlook.com,5/12/2004,21.0,BC,Female,2.0,Chemistry,1.0,2.0,1.0,3.0,0.0,0.0,6.0,"Gaming console, Smart TV",Agree,Neutral,Neutral,Neutral,Self-expression / creativity
3/1/2026 18:00:00,Sofia Smith,sofia.smith@gmail.com,9/7/2006,19.0,B.C.,Male,4.0,Economics,0.0,1.0,1.0,1.0,0.0,0.0,,"Smartphone, Laptop, Desktop computer",Strong agree,Disagree,Disagree,,"Staying in touch with friends / family, Entertainment / passing time, Academic or professional networking, Staying informed about news/events, Self-expression / creativity"
3/16/2026 19:00:00,Ava Lee,ava.lee@utoronto.ca,12/28/2009,16.0,BC,,2.0,Chemistry,1.0,2.0,2.0,2.0,0.0,0.0,6.0,"Smartphone, Tablet",Agree,Neutral,Neutral,Agree,"Staying in touch with friends / family, Staying informed about news/events, Self-expression / creativity"
3/4/2026 13:00:00,Ava Moore,ava.moore@proton.me,12/24/2003,22.0,Ontario,Male,4.0,Computer Science,1.0,2.0,1.0,1.0,0.0,0.0,6.0,"Smartphone, Laptop",Neutral,Disagree,Disagree,Neutral,Self-expression / creativity
3/12/2026 15:00:00,Priya Wilson,priya.wilson@proton.me,11/3/2000,25.0,ON,Non-binary,2.0,Chemistry,1.0,2.0,1.0,2.0,0.0,0.0,6.0,"Smartphone, Laptop, Desktop computer, Tablet",Agree,Agree,Neutral,Agree,"Entertainment / passing time, Academic or professional networking, Staying informed about news/events, Self-expression / creativity"
3/17/2026 19:00:00,Jamal Lopez,jamal.lopez@gmail.com,5/15/2001,24.0,B.C.,Male,,Economics,1.0,1.0,1.0,1.0,0.0,0.0,8.0,Smart TV,Agree,Disagree,Disagree,Agree,Self-expression / creativity
3/18/2026 17:00:00,Arjun Anderson,arjun.anderson@hotmail.com,11/18/2003,22.0,B.C.,Male,3.0,CompSci,1.0,1.0,1.0,1.0,0.0,0.0,8.0,"Smartphone, Laptop",Strong agree,Disagree,Disagree,Agree,"Staying in touch with friends / family, Academic or professional networking, Self-expression / creativity"
3/6/2026 14:00:00,Chloe Wilson,chloe.wilson@carleton.ca,8/18/2009,16.0,BC,Non-binary,3.0,engineering,1.0,2.0,2.0,2.0,0.0,0.0,6.0,"Smartphone, Desktop computer, Tablet, Gaming console",Strong agree,Neutral,Neutral,Neutral,"Staying in touch with friends / family, Entertainment / passing time, Academic or professional networking"
3/19/2026 20:00:00,Ethan Taylor,ethan.taylor@proton.me,7/4/2008,17.0,British Columbia,Female,1.0,chem,1.0,2.0,1.0,1.0,0.0,0.0,7.0,"Smartphone, Laptop",Agree,Disagree,Disagree,Neutral,"Staying in touch with friends / family, Entertainment / passing time, Academic or professional networking, Self-expression / creativity"
3/2/2026 17:00:00,Sofia Roy,sofia.roy@proton.me,2/19/2006,20.0,british columbia,Male,4.0,CompSci,1.0,2.0,1.0,2.0,0.0,0.0,7.0,"Smartphone, Tablet",Neutral,Disagree,,Strong agree,"Staying in touch with friends / family, Entertainment / passing time, Academic or professional networking, Staying informed about news/events, Self-expression / creativity"
3/17/2026 12:00:00,Noor Lewis,noor.lewis@hotmail.com,8/1/2005,20.0,BC,Female,4.0,Chemistry,1.0,1.0,1.0,1.0,0.0,0.0,8.0,Tablet,Strong agree,Neutral,Disagree,Agree,"Staying in touch with friends / family, Academic or professional networking, Staying informed about news/events, Self-expression / creativity"
3/5/2026 11:00:00,Emma Thomas,emma.thomas@yahoo.com,8/23/2006,19.0,ontario,Female,1.0,Statistics,1.0,1.0,1.0,1.0,0.0,0.0,8.0,"Smartphone, Laptop, Desktop computer, Smart TV",Strong agree,Disagree,Disagree,Agree,"Academic or professional networking, Staying informed about news/events"
3/12/2026 13:00:00,Mei Thomas,mei.thomas@hotmail.com,12/20/2004,21.0,British Columbia,Male,3.0,econ,1.0,1.0,1.0,1.0,0.0,0.0,7.0,"Smartphone, Laptop, Tablet, Gaming console",Agree,Disagree,Disagree,Neutral,"Entertainment / passing time, Academic or professional networking, Staying informed about news/events"
3/7/2026 15:00:00,Hana Ali,hana.ali@hotmail.com,11/9/2000,25.0,B.C.,Male,4.0,Creative Writing,1.0,2.0,1.0,2.0,0.0,0.0,7.0,Smartphone,Agree,Disagree,Disagree,Agree,"Staying in touch with friends / family, Entertainment / passing time, Self-expression / creativity"
3/11/2026 20:00:00,Mia Wilson,mia.wilson@uwaterloo.ca,3/9/2009,,NS,Male,2.0,Biolgy,1.0,1.0,1.0,1.0,0.0,0.0,8.0,"Desktop computer, Tablet, Gaming console",Agree,Disagree,Disagree,Agree,"Staying in touch with friends / family, Entertainment / passing time, Academic or professional networking, Self-expression / creativity"
3/2/2026 17:00:00,Yuki Clark,yuki.clark@gmail.com,7/1/2004,21.0,british columbia,Female,2.0,psycology,1.0,1.0,1.0,1.0,0.0,0.0,7.0,"Smartphone, Laptop, Desktop computer, Tablet",Agree,Disagree,Disagree,Strong agree,"Staying informed about news/events, Self-expression / creativity"
3/13/2026 16:00:00,Jamal Thomas,jamal.thomas@brocku.ca,3/23/2002,23.0,B.C.,Female,3.0,econ,1.0,1.0,1.0,1.0,0.0,0.0,8.0,"Smartphone, Gaming console",Disagree,Disagree,Disagree,Agree,"Staying in touch with friends / family, Academic or professional networking, Self-expression / creativity"
3/16/2026 11:00:00,Isabella Lopez,isabella.lopez@carleton.ca,9/23/2003,22.0,british columbia,,3.0,Creative Writing,1.0,1.0,1.0,1.0,0.0,0.0,7.0,"Laptop, Gaming console, Smart TV",Strong agree,Disagree,Disagree,Neutral,"Staying in touch with friends / family, Entertainment / passing time, Self-expression / creativity"
3/10/2026 14:00:00,Ethan Lopez,ethan.lopez@icloud.com,11/12/2000,25.0,AB,Male,,stats,1.0,2.0,1.0,1.0,0.0,0.0,7.0,Laptop,Agree,Disagree,Neutral,Neutral,"Staying in touch with friends / family, Academic or professional networking, Staying informed about news/events"
3/13/2026 12:00:00,Noah Anderson,noah.anderson@outlook.com,4/11/2005,20.0,British Columbia,Male,4.0,Chemistry,1.0,1.0,1.0,1.0,0.0,0.0,7.0,"Smartphone, Laptop",Agree,Disagree,Disagree,Agree,Academic or professional networking
3/10/2026 10:00:00,Nina Harris,nina.harris@ucalgary.ca,10/9/2002,23.0,Nova Scotia,Male,3.0,engineering,1.0,2.0,1.0,1.0,0.0,0.0,7.0,"Smartphone, Laptop",Agree,Disagree,Disagree,Neutral,"Staying in touch with friends / family, Staying informed about news/events"
3/19/2026 12:00:00,Olivia Anderson,olivia.anderson@uottawa.ca,3/9/2007,19.0,british columbia,Male,3.0,chem,1.0,1.0,1.0,1.0,0.0,0.0,6.0,Laptop,Agree,Disagree,Disagree,Agree,Staying informed about news/events
3/11/2026 20:00:00,Ravi Hernandez,ravi.hernandez@outlook.com,4/9/2008,17.0,BC,Prefer not to say,1.0,Physics,0.0,1.0,,1.0,0.0,0.0,9.0,Smartphone,,Disagree,Strongly disagree,Neutral,"Entertainment / passing time, Academic or professional networking, Staying informed about news/events, Self-expression / creativity"
3/1/2026 09:00:00,Isabella Lee,isabella.lee@yahoo.com,1/24/2002,24.0,British Columbia,Male,1.0,Economics,1.0,1.0,1.0,1.0,0.0,0.0,,"Smartphone, Laptop, Smart TV",Agree,Disagree,Disagree,Agree,"Staying in touch with friends / family, Entertainment / passing time, Self-expression / creativity"
3/5/2026 19:00:00,Ravi Harris,ravi.harris@dal.ca,6/24/2009,16.0,british columbia,Non-binary,3.0,CompSci,0.0,1.0,1.0,1.0,0.0,0.0,7.0,"Smartphone, Laptop",Agree,Strongly disagree,Disagree,Agree,"Staying in touch with friends / family, Entertainment / passing time, Academic or professional networking, Self-expression / creativity"
3/1/2026 18:00:00,Lucas Wilson,lucas.wilson@hotmail.com,3/24/2001,24.0,british columbia,Female,2.0,Computer Science,1.0,2.0,1.0,1.0,0.0,0.0,6.0,,Agree,,Disagree,Neutral,"Academic or professional networking, Staying informed about news/events"
3/1/2026 09:00:00,Jamal Young,jamal.young@proton.me,7/13/2008,17.0,AB,Female,1.0,Statistics,1.0,1.0,1.0,1.0,0.0,0.0,,"Laptop, Desktop computer, Gaming console",Agree,Disagree,Strongly disagree,Neutral,"Staying in touch with friends / family, Staying informed about news/events, Self-expression / creativity"
3/12/2026 11:00:00,Oscar Singh,oscar.singh@hotmail.com,8/19/2000,25.0,british columbia,Female,3.0,stats,1.0,1.0,1.0,1.0,0.0,0.0,8.0,"Smartphone, Laptop",Strong agree,Neutral,Strongly disagree,Agree,"Staying in touch with friends / family, Academic or professional networking, Staying informed about news/events"
3/9/2026 10:00:00,Chloe Moore,chloe.moore@hotmail.com,,20.0,Manitoba,Male,2.0,stats,1.0,1.0,1.0,1.0,0.0,0.0,7.0,"Smartphone, Tablet, Smart TV",Disagree,Disagree,Disagree,Agree,"Entertainment / passing time, Academic or professional networking"
3/12/2026 08:00:00,Kai Brown,kai.brown@trentu.ca,12/1/2008,17.0,British Columbia,Male,1.0,Engineering,1.0,1.0,1.0,1.0,0.0,0.0,8.0,"Laptop, Gaming console",Agree,Disagree,Disagree,Neutral,"Staying informed about news/events, Self-expression / creativity"
3/9/2026 15:00:00,Diego White,diego.white@uvic.ca,7/1/2005,20.0,Nova Scotia,Male,2.0,Biology,1.0,1.0,1.0,1.0,0.0,0.0,8.0,"Smartphone, Gaming console",Agree,,Disagree,Neutral,"Staying in touch with friends / family, Entertainment / passing time, Staying informed about news/events, Self-expression / creativity"
3/3/2026 20:00:00,Noah Jackson,noah.jackson@hotmail.com,,24.0,british columbia,Male,3.0,psycology,1.0,1.0,1.0,1.0,0.0,0.0,8.0,"Smartphone, Desktop computer",Agree,Disagree,Disagree,Agree,Self-expression / creativity
3/10/2026 10:00:00,Elena Harris,,4/4/2009,16.0,Quebec,,,Visual Art,1.0,2.0,1.0,2.0,0.0,0.0,,"Smartphone, Laptop",Agree,Neutral,Disagree,Neutral,"Staying informed about news/events, Self-expression / creativity"
1/1/2026 10:16:00,Priya White,priya.white@ucalgary.ca,1/15/2006,20.0,ON,Male,3.0,Creative Writing,1.0,2.0,1.0,2.0,0.0,0.0,6.0,"Smartphone, Laptop, Desktop computer",Strong agree,Disagree,Disagree,Agree,"Academic or professional networking, Staying informed about news/events"
3/12/2026 12:00:00,Zara Singh,zara.singh@outlook.com,1/12/2006,20.0,BC,Male,3.0,psycology,1.0,2.0,1.0,3.0,0.0,0.0,5.0,Smartphone,Agree,Disagree,Neutral,Neutral,"Staying in touch with friends / family, Entertainment / passing time, Academic or professional networking, Staying informed about news/events, Self-expression / creativity"
3/5/2026 12:00:00,Nina Jackson,nina.jackson@brocku.ca,,19.0,british columbia,Male,,Psychology,1.0,1.0,1.0,1.0,0.0,0.0,7.0,Smartphone,Neutral,Disagree,Neutral,Agree,"Staying in touch with friends / family, Academic or professional networking, Staying informed about news/events"
3/6/2026 18:00:00,Jamal Thomas,jamal.thomas@hotmail.com,2/4/2006,20.0,british columbia,Female,,psychology,1.0,1.0,1.0,1.0,0.0,0.0,8.0,"Smartphone, Desktop computer",Agree,Disagree,Disagree,Neutral,"Academic or professional networking, Staying informed about news/events, Self-expression / creativity"
3/10/2026 15:00:00,Oscar Hernandez,oscar.hernandez@outlook.com,,22.0,Quebec,Non-binary,1.0,comp sci,1.0,1.0,1.0,1.0,0.0,0.0,7.0,Smartphone,,Strongly disagree,Disagree,Agree,"Staying in touch with friends / family, Academic or professional networking"
3/14/2026 17:00:00,Liam Hernandez,liam.hernandez@icloud.com,1/10/2005,21.0,British Columbia,Male,3.0,psycology,0.0,1.0,1.0,1.0,0.0,0.0,8.0,"Smartphone, Laptop, Tablet, Gaming console",Agree,Disagree,Disagree,,"Academic or professional networking, Self-expression / creativity"
3/10/2026 10:00:00,Ravi Martin,ravi.martin@ontariotechu.ca,2/23/2006,20.0,ontario,,3.0,Engineering,1.0,1.0,1.0,1.0,0.0,0.0,8.0,Laptop,Neutral,Disagree,Disagree,Agree,"Entertainment / passing time, Academic or professional networking, Staying informed about news/events, Self-expression / creativity"
3/3/2026 17:00:00,Chloe Brown,chloe.brown@gmail.com,3/4/2009,17.0,B.C.,Female,1.0,Visual Art,1.0,2.0,2.0,3.0,0.0,0.0,5.0,"Smartphone, Gaming console",Agree,Neutral,Disagree,Neutral,"Staying in touch with friends / family, Entertainment / passing time, Academic or professional networking, Staying informed about news/events, Self-expression / creativity"
3/5/2026 16:00:00,Emma Lee,emma.lee@viu.ca,8/14/2009,16.0,MB,Male,3.0,Chemistry,1.0,1.0,1.0,1.0,0.0,0.0,7.0,"Smartphone, Laptop, Gaming console",Agree,Disagree,,Neutral,"Staying in touch with friends / family, Entertainment / passing time, Academic or professional networking, Staying informed about news/events, Self-expression / creativity"
3/1/2026 13:00:00,Mia Martin,mia.martin@outlook.com,7/5/2008,17.0,BC,Female,1.0,Physics,1.0,1.0,1.0,1.0,0.0,0.0,7.0,Laptop,Neutral,Disagree,Disagree,Neutral,"Entertainment / passing time, Academic or professional networking, Staying informed about news/events, Self-expression / creativity"
3/13/2026 12:00:00,Kai Patel,kai.patel@uvic.ca,9/4/2008,17.0,ON,Female,1.0,Economics,1.0,2.0,1.0,2.0,0.0,0.0,6.0,"Laptop, Desktop computer",Agree,Neutral,Disagree,Neutral,"Staying in touch with friends / family, Entertainment / passing time, Staying informed about news/events"
3/2/2026 16:00:00,Oscar Khan,oscar.khan@yahoo.com,3/17/2004,22.0,Ontario,Male,3.0,psychology,1.0,1.0,1.0,1.0,0.0,0.0,8.0,"Tablet, Smart TV",Neutral,Disagree,Disagree,Agree,Staying in touch with friends / family
3/16/2026 20:00:00,Mateo Anderson,mateo.anderson@dal.ca,2/2/2008,18.0,BC,Male,3.0,psycology,1.0,2.0,1.0,2.0,0.0,0.0,,Smartphone,Agree,Disagree,Neutral,Neutral,"Entertainment / passing time, Staying informed about news/events"
3/16/2026 16:00:00,Noah Lee,noah.lee@uvic.ca,10/26/2002,23.0,NS,Female,1.0,Physics,1.0,1.0,1.0,1.0,0.0,0.0,7.0,"Smartphone, Laptop",Agree,Disagree,Disagree,Neutral,"Entertainment / passing time, Academic or professional networking, Staying informed about news/events"
3/17/2026 18:00:00,Lucas Jackson,lucas.jackson@utoronto.ca,3/14/2008,18.0,british columbia,Female,3.0,comp sci,1.0,1.0,1.0,1.0,0.0,0.0,7.0,"Smartphone, Tablet",Agree,,Disagree,Neutral,"Staying in touch with friends / family, Entertainment / passing time, Self-expression / creativity"
3/1/2026 11:00:00,Elena Chen,elena.chen@gmail.com,6/4/2008,17.0,B.C.,Male,1.0,Psychology,1.0,1.0,1.0,1.0,0.0,0.0,8.0,"Smartphone, Laptop",Agree,Disagree,Disagree,Strong agree,"Entertainment / passing time, Staying informed about news/events, Self-expression / creativity"
3/5/2026 09:00:00,Emma Wilson,emma.wilson@outlook.com,,23.0,BC,Male,4.0,econ,1.0,1.0,1.0,1.0,0.0,0.0,8.0,"Smartphone, Laptop, Tablet",Neutral,Disagree,Disagree,Agree,"Staying in touch with friends / family, Entertainment / passing time"
3/8/2026 19:00:00,Jamal Thomas,jamal.thomas@outlook.com,9/12/2002,23.0,ontario,Female,1.0,Physics,1.0,2.0,1.0,1.0,0.0,0.0,7.0,"Desktop computer, Gaming console",Agree,Disagree,Neutral,Neutral,"Staying in touch with friends / family, Entertainment / passing time, Academic or professional networking, Staying informed about news/events, Self-expression / creativity"
3/19/2026 10:00:00,Noor Wilson,noor.wilson@yahoo.com,12/23/2009,16.0,ON,Male,3.0,Computer Science,1.0,2.0,1.0,1.0,0.0,0.0,6.0,,Agree,Disagree,Neutral,Neutral,"Staying in touch with friends / family, Entertainment / passing time, Academic or professional networking, Staying informed about news/events, Self-expression / creativity"
3/16/2026 14:00:00,Jamal Gonzalez,jamal.gonzalez@icloud.com,5/10/2006,19.0,ON,Female,4.0,stats,1.0,2.0,1.0,2.0,0.0,0.0,6.0,"Smartphone, Laptop",Neutral,Neutral,,Neutral,"Staying in touch with friends / family, Self-expression / creativity"
3/19/2026 13:00:00,Nina Lopez,nina.lopez@unb.ca,8/27/2008,17.0,Nova Scotia,Female,1.0,Psychology,1.0,1.0,1.0,1.0,0.0,0.0,7.0,"Smartphone, Laptop",Agree,Disagree,Disagree,Neutral,Self-expression / creativity
3/2/2026 15:00:00,Mateo Dubois,mateo.dubois@ubc.ca,5/14/2009,16.0,british columbia,Male,2.0,psychology,1.0,2.0,1.0,2.0,0.0,0.0,7.0,Smartphone,Neutral,Neutral,Disagree,Neutral,"Staying in touch with friends / family, Entertainment / passing time, Staying informed about news/events, Self-expression / creativity"
3/8/2026 09:00:00,Ethan Taylor,ethan.taylor@yahoo.com,,23.0,Alberta,Male,2.0,Physics,0.0,1.0,1.0,1.0,0.0,0.0,7.0,Desktop computer,,Disagree,Disagree,Neutral,Staying informed about news/events
3/12/2026 12:00:00,Chloe Patel,chloe.patel@umanitoba.ca,11/11/2006,19.0,ON,Male,1.0,comp sci,1.0,3.0,2.0,2.0,1.0,0.0,5.0,"Smartphone, Laptop, Tablet, Gaming console",Neutral,Neutral,Neutral,Neutral,"Staying in touch with friends / family, Entertainment / passing time, Academic or professional networking, Staying informed about news/events, Self-expression / creativity"
3/11/2026 20:00:00,Diego Gonzalez,diego.gonzalez@mun.ca,12/20/2004,21.0,british columbia,Male,2.0,Computer Science,0.0,1.0,1.0,1.0,0.0,0.0,7.0,"Smartphone, Tablet",Neutral,Disagree,Disagree,Disagree,Self-expression / creativity
3/3/2026 16:00:00,Ava Brown,,9/4/2004,21.0,Alberta,Male,3.0,chem,1.0,1.0,1.0,1.0,0.0,0.0,7.0,"Smartphone, Laptop, Tablet, Gaming console",Agree,Disagree,Disagree,Agree,"Staying in touch with friends / family, Academic or professional networking, Self-expression / creativity"
3/16/2026 17:00:00,Amir Singh,amir.singh@usask.ca,8/4/2006,19.0,Québec,Male,4.0,Psychology,1.0,2.0,1.0,1.0,0.0,0.0,6.0,Smartphone,Disagree,Strongly disagree,Neutral,Agree,"Staying in touch with friends / family, Staying informed about news/events, Self-expression / creativity"
3/6/2026 13:00:00,Sofia Jackson,sofia.jackson@yahoo.com,10/16/2005,20.0,,Male,1.0,econ,1.0,1.0,1.0,1.0,0.0,0.0,6.0,Smartphone,Agree,Neutral,Disagree,Disagree,"Entertainment / passing time, Staying informed about news/events, Self-expression / creativity"
3/11/2026 18:00:00,Lucas Patel,lucas.patel@gmail.com,7/25/2007,18.0,British Columbia,Female,3.0,Computer Science,1.0,2.0,1.0,2.0,0.0,0.0,7.0,Smartphone,Neutral,Disagree,Disagree,Agree,"Entertainment / passing time, Staying informed about news/events, Self-expression / creativity"
3/2/2026 14:00:00,Chloe Hernandez,chloe.hernandez@hotmail.com,9/21/2003,22.0,B.C.,Prefer not to say,2.0,Physics,1.0,2.0,1.0,1.0,0.0,0.0,7.0,"Smartphone, Laptop, Tablet",Neutral,Disagree,Disagree,Neutral,"Staying in touch with friends / family, Entertainment / passing time, Staying informed about news/events"
3/3/2026 09:00:00,Ravi Nguyen,ravi.nguyen@lakeheadu.ca,10/22/2006,19.0,ontario,Female,3.0,Biology,0.0,1.0,1.0,1.0,0.0,0.0,7.0,"Smartphone, Desktop computer, Tablet",Neutral,Disagree,Strongly disagree,Agree,"Staying in touch with friends / family, Entertainment / passing time, Academic or professional networking"
3/6/2026 19:00:00,Nina Clark,nina.clark@wilfridlaurier.ca,11/10/2001,24.0,Alberta,Male,4.0,psycology,0.0,1.0,0.0,1.0,0.0,0.0,8.0,"Laptop, Tablet, Gaming console",Neutral,Strongly disagree,Strongly disagree,Neutral,"Entertainment / passing time, Academic or professional networking, Self-expression / creativity"
3/7/2026 08:00:00,Diego Hernandez,diego.hernandez@outlook.com,9/2/2007,18.0,Alberta,Female,2.0,psycology,1.0,1.0,1.0,1.0,0.0,0.0,7.0,"Smartphone, Laptop, Gaming console",Agree,Disagree,Disagree,Agree,"Staying in touch with friends / family, Academic or professional networking, Staying informed about news/events, Self-expression / creativity"
3/17/2026 16:00:00,Noor Ali,noor.ali@hotmail.com,2/14/2003,,British Columbia,Female,,Statistics,1.0,1.0,1.0,1.0,0.0,0.0,8.0,"Smartphone, Laptop, Tablet, Gaming console, Smart TV",Agree,Disagree,Neutral,Neutral,"Staying in touch with friends / family, Entertainment / passing time, Academic or professional networking, Self-expression / creativity"
3/5/2026 18:00:00,Zara White,zara.white@gmail.com,9/22/2009,16.0,British Columbia,Non-binary,4.0,comp sci,1.0,1.0,1.0,1.0,0.0,0.0,8.0,"Tablet, Gaming console",Agree,Disagree,Disagree,Neutral,"Staying in touch with friends / family, Staying informed about news/events"
3/13/2026 08:00:00,Ava Gonzalez,,8/31/2005,20.0,Ontario,Male,3.0,Creative Writing,1.0,1.0,1.0,1.0,0.0,0.0,7.0,"Smartphone, Laptop, Tablet",Strong agree,Disagree,,Neutral,"Staying in touch with friends / family, Entertainment / passing time, Academic or professional networking, Self-expression / creativity"
3/5/2026 18:00:00,Zara Taylor,zara.taylor@concordia.ca,8/22/2007,18.0,B.C.,Female,4.0,Creative Writing,1.0,1.0,1.0,1.0,0.0,0.0,7.0,Gaming console,Agree,Disagree,Disagree,Agree,"Staying in touch with friends / family, Entertainment / passing time, Staying informed about news/events, Self-expression / creativity"
3/15/2026 16:00:00,Olivia Roy,,2/13/2007,19.0,British Columbia,,4.0,enginering,1.0,2.0,1.0,1.0,0.0,0.0,6.0,Smartphone,Agree,Neutral,Neutral,Neutral,"Academic or professional networking, Staying informed about news/events, Self-expression / creativity"
3/1/2026 15:00:00,Priya Jackson,priya.jackson@yorku.ca,4/17/1998,,Alberta,Female,4.0,econ,1.0,1.0,1.0,1.0,0.0,0.0,7.0,Laptop,Agree,Disagree,Disagree,Neutral,Academic or professional networking
3/6/2026 11:00:00,Lucas Gonzalez,lucas.gonzalez@proton.me,3/29/2007,18.0,BC,Female,2.0,chem,1.0,2.0,1.0,1.0,0.0,,6.0,"Smartphone, Laptop, Desktop computer",Strong agree,Disagree,Neutral,Neutral,
3/15/2026 18:00:00,Emma Ali,,2/13/2005,21.0,,Male,4.0,Psychology,1.0,2.0,1.0,2.0,0.0,0.0,7.0,"Gaming console, Smart TV",Agree,Disagree,Neutral,Neutral,"Staying in touch with friends / family, Entertainment / passing time, Academic or professional networking, Self-expression / creativity"
3/11/2026 16:00:00,Arjun Khan,arjun.khan@umanitoba.ca,6/28/2006,19.0,QC,,2.0,enginering,1.0,2.0,1.0,,0.0,0.0,8.0,Smartphone,,Disagree,Disagree,Agree,"Entertainment / passing time, Staying informed about news/events"
3/8/2026 10:00:00,Elena Hernandez,elena.hernandez@hotmail.com,,,B.C.,Female,2.0,CompSci,1.0,2.0,1.0,1.0,0.0,0.0,7.0,"Smartphone, Laptop, Gaming console",Agree,Disagree,Disagree,Agree,"Staying in touch with friends / family, Entertainment / passing time, Academic or professional networking, Staying informed about news/events, Self-expression / creativity"
3/1/2026 12:00:00,Mei Thomas,mei.thomas@proton.me,1/11/2003,23.0,QC,Female,4.0,enginering,0.0,1.0,1.0,1.0,0.0,0.0,8.0,Smartphone,Strong agree,Disagree,Disagree,Agree,"Staying in touch with friends / family, Entertainment / passing time, Academic or professional networking, Self-expression / creativity"
3/11/2026 17:00:00,Zara Young,zara.young@hotmail.com,,19.0,british columbia,Male,1.0,CompSci,1.0,2.0,1.0,2.0,0.0,0.0,7.0,"Laptop, Desktop computer, Tablet",Agree,Neutral,Neutral,Strong agree,Staying informed about news/events
3/6/2026 14:00:00,Emma Smith,emma.smith@umanitoba.ca,4/10/2006,19.0,AB,Male,2.0,Visual Art,0.0,1.0,1.0,1.0,0.0,0.0,,Desktop computer,Agree,Disagree,Disagree,Neutral,"Staying in touch with friends / family, Staying informed about news/events"
3/3/2026 11:00:00,Elena Patel,elena.patel@yahoo.com,9/12/2009,16.0,B.C.,Male,1.0,Visual Art,1.0,2.0,1.0,3.0,0.0,0.0,5.0,"Smartphone, Laptop",Agree,Neutral,Neutral,Agree,"Entertainment / passing time, Academic or professional networking, Staying informed about news/events, Self-expression / creativity"
3/13/2026 13:00:00,Leo Smith,leo.smith@hotmail.com,,24.0,Ontario,Female,2.0,stats,1.0,1.0,1.0,1.0,0.0,0.0,7.0,"Smartphone, Laptop, Desktop computer, Gaming console",Agree,Disagree,Disagree,Agree,"Academic or professional networking, Staying informed about news/events"
3/5/2026 12:00:00,Noor Wilson,noor.wilson@gmail.com,11/9/2007,18.0,ontario,Female,3.0,Engineering,1.0,1.0,1.0,1.0,0.0,0.0,7.0,"Smartphone, Laptop, Desktop computer, Tablet",Agree,Neutral,Disagree,Agree,"Staying in touch with friends / family, Entertainment / passing time"
3/17/2026 11:00:00,Zara Thomas,zara.thomas@gmail.com,6/22/2009,16.0,ON,Male,1.0,Physics,1.0,2.0,1.0,1.0,0.0,0.0,7.0,"Laptop, Tablet",Neutral,Disagree,,Neutral,"Staying in touch with friends / family, Entertainment / passing time, Staying informed about news/events"
3/8/2026 14:00:00,Jamal Hernandez,jamal.hernandez@stfx.ca,12/13/2005,20.0,BC,Male,4.0,Visual Art,1.0,3.0,2.0,2.0,1.0,0.0,4.0,"Smartphone, Laptop, Desktop computer, Tablet",Agree,Neutral,Neutral,Neutral,"Staying in touch with friends / family, Entertainment / passing time, Academic or professional networking, Staying informed about news/events"
3/9/2026 13:00:00,Mei Jackson,mei.jackson@outlook.com,2/24/2005,21.0,ontario,Female,1.0,Chemistry,0.0,1.0,1.0,1.0,0.0,0.0,8.0,"Smartphone, Laptop, Tablet, Smart TV",Agree,Disagree,Disagree,Agree,"Entertainment / passing time, Academic or professional networking, Self-expression / creativity"
3/10/2026 16:00:00,Olivia Harris,olivia.harris@yahoo.com,11/26/2007,,Quebec,Female,2.0,comp sci,1.0,2.0,1.0,2.0,0.0,0.0,7.0,"Smartphone, Laptop, Tablet, Gaming console",Agree,Disagree,Disagree,Neutral,"Staying in touch with friends / family, Academic or professional networking, Self-expression / creativity"
3/19/2026 16:00:00,Jamal Clark,jamal.clark@icloud.com,8/17/2000,25.0,british columbia,Female,3.0,Physics,1.0,1.0,1.0,1.0,0.0,0.0,7.0,"Laptop, Desktop computer, Smart TV",Agree,Disagree,Disagree,Neutral,"Staying in touch with friends / family, Academic or professional networking, Staying informed about news/events, Self-expression / creativity"
3/3/2026 13:00:00,Diego Harris,diego.harris@ualberta.ca,12/27/2007,18.0,BC,Female,4.0,engineering,0.0,1.0,1.0,1.0,0.0,0.0,7.0,"Laptop, Tablet",Agree,,Disagree,Agree,"Entertainment / passing time, Academic or professional networking"
3/7/2026 19:00:00,Zara Moore,zara.moore@proton.me,7/6/2004,21.0,BC,Male,1.0,Computer Science,1.0,2.0,1.0,1.0,0.0,0.0,6.0,"Smartphone, Laptop, Tablet, Gaming console",Agree,Disagree,Disagree,Agree,"Staying in touch with friends / family, Entertainment / passing time, Academic or professional networking, Self-expression / creativity"
3/8/2026 12:00:00,Ethan Young,ethan.young@hotmail.com,1/7/2005,21.0,BC,Male,1.0,Physics,1.0,1.0,1.0,1.0,0.0,0.0,7.0,Laptop,Agree,Disagree,Disagree,Agree,"Staying in touch with friends / family, Self-expression / creativity"
3/13/2026 11:00:00,Fatima Patel,fatima.patel@yahoo.com,3/25/2003,22.0,Ontario,Female,1.0,engineering,1.0,1.0,1.0,1.0,0.0,0.0,7.0,Smartphone,Agree,Disagree,Disagree,Agree,"Staying in touch with friends / family, Entertainment / passing time, Academic or professional networking, Staying informed about news/events"
3/8/2026 13:00:00,Fatima Nguyen,fatima.nguyen@proton.me,6/7/2008,17.0,British Columbia,Male,1.0,econ,1.0,2.0,1.0,2.0,0.0,0.0,7.0,"Smartphone, Tablet",Strong agree,Disagree,Neutral,Agree,
3/12/2026 14:00:00,Jamal Smith,jamal.smith@sfu.ca,1/10/2002,24.0,British Columbia,Female,3.0,econ,1.0,1.0,1.0,1.0,0.0,0.0,8.0,"Smartphone, Laptop",Agree,Strongly disagree,Disagree,Neutral,"Entertainment / passing time, Staying informed about news/events"
3/8/2026 09:00:00,Sofia Moore,sofia.moore@gmail.com,9/6/2008,17.0,ON,Female,1.0,Psychology,1.0,2.0,1.0,2.0,0.0,0.0,6.0,Smartphone,Agree,Neutral,Neutral,Neutral,"Staying in touch with friends / family, Entertainment / passing time"
1/1/2026 11:17:00,Kai Dubois,kai.dubois@outlook.com,2/13/2002,24.0,NS,Male,2.0,psychology,1.0,1.0,1.0,1.0,0.0,0.0,7.0,"Smartphone, Smart TV",Strong agree,Disagree,Disagree,Neutral,"Staying in touch with friends / family, Self-expression / creativity"
3/4/2026 18:00:00,Nina Thomas,nina.thomas@proton.me,11/21/2007,18.0,British Columbia,Female,4.0,Psychology,1.0,2.0,1.0,1.0,0.0,0.0,7.0,Desktop computer,Neutral,Disagree,Disagree,Agree,"Staying in touch with friends / family, Entertainment / passing time, Academic or professional networking, Staying informed about news/events, Self-expression / creativity"
3/13/2026 12:00:00,Fatima Wilson,fatima.wilson@gmail.com,8/25/2005,20.0,ON,Male,3.0,enginering,1.0,2.0,1.0,1.0,0.0,0.0,7.0,"Smartphone, Laptop, Desktop computer",Agree,Disagree,Neutral,Disagree,"Staying in touch with friends / family, Academic or professional networking, Staying informed about news/events, Self-expression / creativity"
3/15/2026 17:00:00,Leo Khan,leo.khan@outlook.com,5/28/2004,21.0,british columbia,Male,1.0,Biolgy,1.0,2.0,1.0,2.0,0.0,0.0,6.0,"Smartphone, Laptop",Neutral,Disagree,Disagree,Neutral,"Staying in touch with friends / family, Entertainment / passing time, Staying informed about news/events"
3/8/2026 15:00:00,Noah Harris,noah.harris@carleton.ca,6/16/2006,19.0,BC,Male,2.0,Physics,0.0,1.0,0.0,0.0,0.0,0.0,8.0,"Smartphone, Smart TV",Agree,Strongly disagree,Disagree,Agree,"Staying in touch with friends / family, Academic or professional networking, Self-expression / creativity"
3/2/2026 09:00:00,Hana Brown,hana.brown@proton.me,8/4/1999,26.0,B.C.,Male,2.0,Engineering,1.0,1.0,1.0,1.0,0.0,0.0,7.0,"Smartphone, Laptop",Agree,Disagree,Disagree,Neutral,"Staying informed about news/events, Self-expression / creativity"
3/4/2026 11:00:00,Hana Lee,hana.lee@ucalgary.ca,1/8/2008,18.0,BC,Male,2.0,Creative Writing,1.0,2.0,1.0,2.0,0.0,0.0,6.0,Gaming console,Agree,Neutral,Neutral,Strong agree,"Academic or professional networking, Staying informed about news/events, Self-expression / creativity"
3/8/2026 16:00:00,Jamal Thomas,jamal.thomas@umontreal.ca,7/18/2005,20.0,Ontario,Male,3.0,Psychology,1.0,1.0,1.0,1.0,0.0,0.0,8.0,Smartphone,Strong agree,Disagree,Disagree,Agree,"Staying in touch with friends / family, Entertainment / passing time, Academic or professional networking, Staying informed about news/events, Self-expression / creativity"
1/1/2026 11:25:00,Priya Lee,priya.lee@icloud.com,,21.0,B.C.,Female,3.0,engineering,1.0,2.0,1.0,1.0,0.0,0.0,6.0,Smartphone,Agree,,Disagree,Neutral,"Academic or professional networking, Staying informed about news/events, Self-expression / creativity"
3/15/2026 11:00:00,Arjun Brown,arjun.brown@brocku.ca,3/21/2006,19.0,ON,Male,1.0,chem,1.0,1.0,1.0,1.0,0.0,0.0,8.0,"Smartphone, Laptop",Neutral,,Neutral,Agree,Academic or professional networking
3/14/2026 12:00:00,Arjun Wilson,arjun.wilson@gmail.com,8/7/2007,18.0,Nova Scotia,Female,3.0,econ,1.0,2.0,1.0,2.0,0.0,0.0,7.0,Desktop computer,Neutral,Disagree,Neutral,Agree,"Staying in touch with friends / family, Entertainment / passing time, Self-expression / creativity"
3/10/2026 18:00:00,Leo Harris,leo.harris@icloud.com,3/4/2005,21.0,B.C.,Female,1.0,enginering,1.0,1.0,1.0,1.0,0.0,0.0,8.0,"Smartphone, Laptop",Agree,Disagree,Disagree,Agree,"Entertainment / passing time, Staying informed about news/events, Self-expression / creativity"
3/11/2026 20:00:00,Aisha Lewis,aisha.lewis@outlook.com,6/23/2005,20.0,MB,Prefer not to say,1.0,Physics,0.0,1.0,0.0,1.0,0.0,0.0,8.0,"Smartphone, Tablet",Agree,Disagree,Disagree,Agree,"Staying in touch with friends / family, Entertainment / passing time, Self-expression / creativity"
3/15/2026 17:00:00,Ravi Chen,ravi.chen@carleton.ca,7/5/2000,25.0,British Columbia,Male,3.0,Visual Art,1.0,1.0,1.0,1.0,0.0,0.0,7.0,"Smartphone, Laptop",Strong agree,Disagree,Disagree,Agree,"Staying in touch with friends / family, Staying informed about news/events"
3/12/2026 13:00:00,Olivia Lee,olivia.lee@icloud.com,11/13/2005,20.0,B.C.,Male,2.0,stats,1.0,1.0,1.0,1.0,0.0,0.0,7.0,"Laptop, Desktop computer",Neutral,Neutral,Disagree,Neutral,Staying in touch with friends / family
3/13/2026 19:00:00,Sofia Nguyen,sofia.nguyen@gmail.com,2/3/2004,22.0,ON,Male,2.0,Creative Writing,1.0,2.0,1.0,1.0,0.0,0.0,7.0,"Smartphone, Laptop, Smart TV",Agree,,Disagree,Agree,"Staying in touch with friends / family, Self-expression / creativity"
3/18/2026 15:00:00,Priya Chen,priya.chen@ubc.ca,5/19/2007,18.0,NS,Male,3.0,enginering,1.0,2.0,1.0,1.0,0.0,0.0,7.0,"Laptop, Gaming console",Agree,Disagree,Disagree,Agree,"Staying in touch with friends / family, Entertainment / passing time, Academic or professional networking"
3/14/2026 20:00:00,Arjun Brown,arjun.brown@yahoo.com,4/7/2000,25.0,British Columbia,Female,3.0,Computer Science,1.0,2.0,,1.0,0.0,0.0,7.0,Gaming console,Neutral,Neutral,Neutral,Neutral,"Staying in touch with friends / family, Self-expression / creativity"
1/1/2026 11:35:00,Mateo Chen,mateo.chen@yahoo.com,11/8/2002,23.0,B.C.,Female,2.0,Psychology,1.0,2.0,1.0,1.0,0.0,0.0,6.0,"Laptop, Desktop computer, Tablet, Smart TV",Neutral,Disagree,Disagree,Strong agree,"Academic or professional networking, Self-expression / creativity"
3/2/2026 18:00:00,Olivia Ali,olivia.ali@ubc.ca,12/16/2003,,British Columbia,Male,3.0,Visual Art,1.0,1.0,1.0,1.0,0.0,0.0,7.0,"Smartphone, Smart TV",Agree,Disagree,Neutral,Agree,
3/6/2026 10:00:00,Zara Lee,zara.lee@uvic.ca,8/21/2005,20.0,,Female,1.0,Computer Science,0.0,0.0,0.0,0.0,0.0,0.0,8.0,"Laptop, Desktop computer, Gaming console",Agree,Strongly disagree,Disagree,Agree,"Staying in touch with friends / family, Entertainment / passing time, Academic or professional networking, Self-expression / creativity"
3/5/2026 19:00:00,Ethan Jackson,ethan.jackson@outlook.com,8/27/2003,22.0,british columbia,Male,2.0,biology,0.0,0.0,0.0,0.0,0.0,0.0,9.0,"Laptop, Tablet",Strong agree,Strongly disagree,Strongly disagree,Agree,"Staying in touch with friends / family, Entertainment / passing time, Academic or professional networking"
3/10/2026 08:00:00,Ava Lopez,ava.lopez@wilfridlaurier.ca,6/24/2003,22.0,B.C.,Male,2.0,Chemistry,1.0,,1.0,1.0,0.0,0.0,7.0,Desktop computer,Strong agree,Strongly disagree,Disagree,Agree,
1/1/2026 11:40:00,Hana Gonzalez,hana.gonzalez@umontreal.ca,9/10/2004,,British Columbia,Male,3.0,Psychology,1.0,1.0,1.0,1.0,0.0,0.0,8.0,"Smartphone, Laptop, Desktop computer",Agree,Disagree,Disagree,Agree,"Staying in touch with friends / family, Academic or professional networking, Staying informed about news/events, Self-expression / creativity"
3/4/2026 13:00:00,Noor Gonzalez,noor.gonzalez@ubc.ca,8/3/2007,18.0,British Columbia,Female,4.0,econ,1.0,1.0,1.0,1.0,0.0,0.0,8.0,Desktop computer,Agree,Disagree,Disagree,,"Staying in touch with friends / family, Entertainment / passing time, Academic or professional networking, Staying informed about news/events, Self-expression / creativity"
3/3/2026 20:00:00,Olivia Garcia,olivia.garcia@gmail.com,,24.0,B.C.,,3.0,Computer Science,1.0,2.0,1.0,2.0,0.0,0.0,,Laptop,Agree,Disagree,Agree,Agree,"Staying in touch with friends / family, Entertainment / passing time, Self-expression / creativity"
3/3/2026 19:00:00,Hana Moore,hana.moore@gmail.com,2/1/2002,24.0,Ontario,Female,3.0,Statistics,1.0,2.0,2.0,2.0,0.0,0.0,6.0,"Smartphone, Laptop, Desktop computer",Neutral,Neutral,Agree,Agree,"Entertainment / passing time, Academic or professional networking, Staying informed about news/events, Self-expression / creativity"
3/9/2026 17:00:00,Chloe Martin,chloe.martin@umanitoba.ca,12/22/2006,19.0,Ontario,Male,1.0,Chemistry,1.0,2.0,1.0,2.0,0.0,0.0,6.0,"Smartphone, Tablet",Neutral,Neutral,Disagree,Neutral,Staying in touch with friends / family
3/15/2026 10:00:00,Sofia Roy,sofia.roy@gmail.com,7/24/2002,23.0,British Columbia,Female,2.0,Biolgy,1.0,1.0,1.0,1.0,0.0,,8.0,"Smartphone, Tablet, Smart TV",Neutral,Strongly disagree,Disagree,Neutral,"Staying in touch with friends / family, Entertainment / passing time, Academic or professional networking"
3/11/2026 11:00:00,Zara Jackson,zara.jackson@gmail.com,3/19/2007,19.0,BC,Male,2.0,engineering,0.0,1.0,1.0,1.0,0.0,0.0,8.0,"Smartphone, Laptop",Agree,Disagree,Disagree,Neutral,"Staying in touch with friends / family, Entertainment / passing time, Staying informed about news/events"
3/5/2026 19:00:00,Noor Anderson,,10/20/2006,19.0,NS,Female,1.0,engineering,1.0,1.0,1.0,1.0,0.0,0.0,8.0,Smartphone,Strong agree,Disagree,Strongly disagree,Neutral,"Staying in touch with friends / family, Academic or professional networking, Staying informed about news/events, Self-expression / creativity"
3/3/2026 08:00:00,Emma Taylor,emma.taylor@proton.me,10/10/2008,17.0,Alberta,Female,1.0,engineering,1.0,2.0,1.0,1.0,0.0,0.0,6.0,"Smartphone, Laptop, Desktop computer",Disagree,Disagree,Disagree,Agree,"Entertainment / passing time, Academic or professional networking, Staying informed about news/events"
1/1/2026 11:49:00,Priya Roy,priya.roy@unb.ca,2/21/1999,27.0,british columbia,Female,1.0,stats,1.0,2.0,1.0,1.0,0.0,0.0,6.0,"Smartphone, Laptop, Tablet, Smart TV",Agree,Disagree,Disagree,Neutral,"Staying in touch with friends / family, Entertainment / passing time, Academic or professional networking, Staying informed about news/events"
3/11/2026 08:00:00,Lucas Thomas,lucas.thomas@outlook.com,7/6/2008,17.0,Quebec,Female,1.0,Economics,1.0,2.0,1.0,3.0,0.0,0.0,5.0,"Smartphone, Laptop, Gaming console",Neutral,Neutral,Neutral,Neutral,Staying in touch with friends / family
3/1/2026 15:00:00,Kai Khan,kai.khan@brocku.ca,5/4/2009,16.0,ON,Male,3.0,stats,1.0,2.0,1.0,3.0,0.0,0.0,6.0,,Neutral,Neutral,Neutral,Neutral,Staying in touch with friends / family
3/7/2026 17:00:00,Hana Jackson,hana.jackson@icloud.com,6/29/2009,16.0,QC,Female,1.0,Engineering,1.0,1.0,1.0,1.0,0.0,0.0,6.0,"Smartphone, Laptop",Neutral,Disagree,Disagree,Agree,"Staying in touch with friends / family, Entertainment / passing time, Staying informed about news/events"
3/5/2026 16:00:00,Amir Lewis,amir.lewis@gmail.com,,23.0,British Columbia,Female,2.0,,1.0,2.0,1.0,1.0,0.0,,6.0,"Smartphone, Tablet",Neutral,Disagree,Disagree,Agree,"Staying in touch with friends / family, Entertainment / passing time, Self-expression / creativity"
3/13/2026 13:00:00,Leo Khan,leo.khan@gmail.com,8/30/2004,21.0,Québec,Female,2.0,Economics,1.0,1.0,1.0,1.0,0.0,0.0,8.0,,Strong agree,Disagree,Disagree,Agree,"Staying in touch with friends / family, Academic or professional networking"
3/7/2026 16:00:00,Diego Ali,diego.ali@ualberta.ca,4/20/2006,19.0,BC,Female,2.0,psychology,1.0,2.0,1.0,,0.0,0.0,8.0,Desktop computer,Agree,Neutral,Disagree,Agree,"Staying in touch with friends / family, Entertainment / passing time, Staying informed about news/events"
3/10/2026 09:00:00,Emma Garcia,,11/2/2006,19.0,BC,Male,2.0,comp sci,0.0,1.0,0.0,0.0,0.0,0.0,9.0,"Smartphone, Desktop computer",Agree,Disagree,Strongly disagree,Agree,"Staying in touch with friends / family, Entertainment / passing time, Academic or professional networking, Staying informed about news/events"
3/10/2026 15:00:00,Mia Brown,mia.brown@outlook.com,3/18/2004,22.0,QC,Female,2.0,Biolgy,1.0,2.0,1.0,2.0,0.0,0.0,7.0,"Smartphone, Laptop, Tablet",Neutral,Neutral,Neutral,Neutral,Entertainment / passing time
3/13/2026 19:00:00,Diego Lewis,diego.lewis@uottawa.ca,6/10/1999,26.0,Ontario,Male,2.0,Computer Science,0.0,0.0,0.0,1.0,0.0,0.0,8.0,"Smartphone, Laptop, Tablet",Agree,Disagree,Strongly disagree,Strong agree,"Academic or professional networking, Staying informed about news/events"
3/13/2026 10:00:00,Chloe Ali,,9/4/2004,21.0,B.C.,Female,2.0,Computer Science,1.0,1.0,1.0,1.0,0.0,0.0,8.0,"Laptop, Gaming console",Agree,Disagree,,Agree,"Staying in touch with friends / family, Entertainment / passing time, Academic or professional networking, Staying informed about news/events, Self-expression / creativity"
3/19/2026 20:00:00,Mateo Lee,mateo.lee@hotmail.com,12/23/2004,21.0,B.C.,Male,1.0,chem,1.0,2.0,1.0,2.0,0.0,0.0,6.0,Smartphone,Agree,Neutral,Neutral,Agree,"Staying in touch with friends / family, Entertainment / passing time, Academic or professional networking, Self-expression / creativity"
3/2/2026 09:00:00,Leo Singh,leo.singh@trentu.ca,9/28/2002,23.0,BC,Female,2.0,Computer Science,1.0,1.0,1.0,1.0,0.0,0.0,8.0,"Smartphone, Laptop",Agree,Neutral,Neutral,Neutral,
3/3/2026 18:00:00,Priya Ali,priya.ali@outlook.com,8/31/2001,24.0,British Columbia,Male,3.0,Engineering,1.0,2.0,,1.0,0.0,0.0,7.0,Laptop,Strong agree,Disagree,Disagree,Agree,"Staying in touch with friends / family, Entertainment / passing time, Academic or professional networking"
3/16/2026 11:00:00,Kai White,kai.white@hotmail.com,10/14/2006,19.0,british columbia,Male,1.0,stats,1.0,2.0,1.0,2.0,0.0,0.0,7.0,"Smartphone, Desktop computer, Smart TV",Strong agree,Disagree,Neutral,Neutral,"Staying in touch with friends / family, Entertainment / passing time, Academic or professional networking, Self-expression / creativity"
3/7/2026 14:00:00,Oscar Lee,,,20.0,,Male,1.0,Statistics,1.0,2.0,1.0,2.0,0.0,0.0,6.0,,Neutral,Neutral,Neutral,Agree,"Academic or professional networking, Staying informed about news/events"
3/14/2026 18:00:00,Emma Singh,emma.singh@hotmail.com,10/26/2005,20.0,ontario,Male,2.0,psycology,1.0,1.0,1.0,1.0,0.0,0.0,8.0,"Smartphone, Desktop computer, Tablet",Agree,Disagree,Disagree,Neutral,"Staying in touch with friends / family, Staying informed about news/events, Self-expression / creativity"
3/8/2026 19:00:00,Elena Smith,elena.smith@concordia.ca,6/1/2009,16.0,B.C.,Non-binary,3.0,psychology,1.0,1.0,1.0,1.0,0.0,0.0,7.0,"Smartphone, Laptop, Desktop computer",Strong agree,Strongly disagree,Disagree,Agree,"Staying in touch with friends / family, Entertainment / passing time, Academic or professional networking, Staying informed about news/events"
3/4/2026 09:00:00,Oscar Ali,oscar.ali@proton.me,10/28/2005,20.0,ON,Male,2.0,econ,1.0,2.0,1.0,,0.0,0.0,8.0,"Smartphone, Laptop, Tablet",Neutral,Neutral,Neutral,Agree,"Staying in touch with friends / family, Academic or professional networking, Self-expression / creativity"
3/2/2026 10:00:00,Amir Jackson,amir.jackson@icloud.com,9/21/2005,20.0,ontario,Female,2.0,enginering,0.0,1.0,1.0,1.0,0.0,0.0,7.0,Smart TV,Agree,Strongly disagree,Disagree,Neutral,"Entertainment / passing time, Staying informed about news/events"
3/1/2026 11:00:00,Olivia Anderson,olivia.anderson@gmail.com,7/6/2003,22.0,ON,Non-binary,4.0,econ,1.0,2.0,1.0,1.0,0.0,0.0,7.0,Gaming console,Neutral,Disagree,Disagree,Agree,"Entertainment / passing time, Academic or professional networking, Self-expression / creativity"
1/1/2026 09:17:00,Yuki Brown,yuki.brown@yahoo.com,10/4/2006,19.0,British Columbia,Female,3.0,engineering,1.0,2.0,1.0,2.0,0.0,0.0,6.0,Tablet,Strong agree,Disagree,Neutral,Agree,"Staying in touch with friends / family, Entertainment / passing time, Academic or professional networking, Staying informed about news/events, Self-expression / creativity"
3/13/2026 15:00:00,Oscar Moore,oscar.moore@ualberta.ca,3/8/2007,19.0,Quebec,Male,3.0,Creative Writing,1.0,2.0,1.0,2.0,0.0,0.0,7.0,"Laptop, Tablet, Gaming console",Neutral,Neutral,Neutral,Neutral,"Staying in touch with friends / family, Staying informed about news/events"
3/14/2026 13:00:00,Kai Clark,kai.clark@viu.ca,4/11/2009,16.0,british columbia,Male,2.0,Visual Art,1.0,2.0,1.0,3.0,0.0,0.0,5.0,"Smartphone, Laptop",Neutral,Agree,,Agree,"Staying in touch with friends / family, Entertainment / passing time, Self-expression / creativity"
3/12/2026 11:00:00,Arjun Hernandez,arjun.hernandez@outlook.com,8/18/2005,20.0,ON,Male,4.0,Biology,1.0,3.0,2.0,2.0,1.0,0.0,7.0,"Smartphone, Tablet",Neutral,Agree,Neutral,Disagree,"Staying in touch with friends / family, Entertainment / passing time"
3/11/2026 10:00:00,Priya Thomas,priya.thomas@icloud.com,6/23/2006,,B.C.,Female,2.0,chem,0.0,1.0,1.0,1.0,0.0,0.0,8.0,"Smartphone, Desktop computer",Agree,Strongly disagree,Strongly disagree,Agree,"Staying in touch with friends / family, Entertainment / passing time, Academic or professional networking, Self-expression / creativity"
3/4/2026 11:00:00,Aisha Gonzalez,aisha.gonzalez@yahoo.com,6/26/2005,20.0,British Columbia,Female,1.0,engineering,1.0,1.0,1.0,1.0,0.0,0.0,8.0,"Smartphone, Laptop, Tablet",Agree,Disagree,Neutral,Agree,"Entertainment / passing time, Staying informed about news/events, Self-expression / creativity"
3/14/2026 20:00:00,Noor Khan,noor.khan@yahoo.com,8/3/2007,18.0,B.C.,Female,4.0,Creative Writing,1.0,2.0,1.0,2.0,0.0,0.0,6.0,"Smartphone, Laptop, Desktop computer, Gaming console",Agree,Disagree,Disagree,Agree,"Staying in touch with friends / family, Entertainment / passing time, Academic or professional networking, Staying informed about news/events, Self-expression / creativity"
3/8/2026 10:00:00,Arjun Chen,arjun.chen@yorku.ca,11/26/2009,16.0,ON,Female,2.0,engineering,1.0,1.0,1.0,1.0,0.0,,7.0,"Smartphone, Laptop, Gaming console",Agree,Neutral,Disagree,Agree,"Staying in touch with friends / family, Entertainment / passing time, Academic or professional networking, Staying informed about news/events"
3/19/2026 18:00:00,Nina Brown,nina.brown@mun.ca,4/27/2006,19.0,British Columbia,Male,3.0,Engineering,1.0,1.0,1.0,1.0,0.0,0.0,7.0,"Smartphone, Laptop",Agree,Disagree,Disagree,Agree,"Staying in touch with friends / family, Entertainment / passing time, Staying informed about news/events, Self-expression / creativity"
3/7/2026 12:00:00,Ava Patel,ava.patel@outlook.com,2/18/2006,20.0,ON,Female,3.0,CompSci,0.0,1.0,1.0,1.0,0.0,0.0,7.0,Laptop,Neutral,Disagree,Disagree,Neutral,"Staying in touch with friends / family, Academic or professional networking, Staying informed about news/events, Self-expression / creativity"
3/2/2026 14:00:00,Jamal Lopez,jamal.lopez@proton.me,2/11/2005,21.0,Québec,Female,,Creative Writing,1.0,2.0,2.0,3.0,0.0,0.0,5.0,"Smartphone, Desktop computer, Gaming console",Agree,Agree,Agree,Neutral,Self-expression / creativity
3/10/2026 10:00:00,Priya Jackson,priya.jackson@gmail.com,9/24/2008,17.0,,Female,1.0,comp sci,1.0,2.0,1.0,2.0,0.0,0.0,6.0,Smartphone,Agree,Disagree,Neutral,Strong agree,"Staying in touch with friends / family, Entertainment / passing time, Academic or professional networking, Self-expression / creativity"
3/7/2026 12:00:00,Olivia Anderson,olivia.anderson@unb.ca,8/3/2001,24.0,ON,Female,3.0,Psychology,0.0,1.0,1.0,1.0,0.0,0.0,8.0,"Smartphone, Laptop, Tablet",Agree,Disagree,Disagree,Agree,
3/7/2026 08:00:00,Amir Harris,amir.harris@yorku.ca,1/27/2004,22.0,Alberta,Female,2.0,Visual Art,1.0,2.0,1.0,1.0,0.0,0.0,6.0,Tablet,Strong agree,Neutral,Neutral,Neutral,"Staying in touch with friends / family, Entertainment / passing time, Academic or professional networking, Staying informed about news/events"
1/1/2026 12:24:00,Noor Patel,noor.patel@outlook.com,1/22/2005,21.0,QC,Female,4.0,Creative Writing,1.0,1.0,1.0,1.0,0.0,0.0,7.0,"Smartphone, Laptop, Tablet, Smart TV",Agree,Neutral,Disagree,Agree,"Staying in touch with friends / family, Entertainment / passing time, Academic or professional networking, Staying informed about news/events, Self-expression / creativity"
3/5/2026 18:00:00,Ravi Ali,ravi.ali@proton.me,1/15/2005,21.0,Alberta,Male,1.0,Biolgy,1.0,1.0,1.0,1.0,0.0,0.0,7.0,"Smartphone, Desktop computer, Tablet",Strong agree,Disagree,Disagree,Agree,"Staying in touch with friends / family, Entertainment / passing time, Staying informed about news/events"
3/13/2026 08:00:00,Mia Khan,mia.khan@utoronto.ca,3/16/2004,22.0,QC,Female,2.0,Engineering,1.0,1.0,,1.0,0.0,0.0,7.0,"Smartphone, Laptop",Agree,Disagree,Disagree,Agree,"Entertainment / passing time, Staying informed about news/events"
3/10/2026 20:00:00,Nina Martin,nina.martin@hotmail.com,8/20/2001,24.0,british columbia,Male,2.0,econ,1.0,2.0,1.0,1.0,0.0,0.0,6.0,Laptop,Agree,Disagree,Agree,Neutral,"Entertainment / passing time, Staying informed about news/events"
3/17/2026 18:00:00,Emma Clark,emma.clark@outlook.com,11/26/2009,16.0,AB,Male,3.0,,1.0,2.0,1.0,1.0,0.0,0.0,6.0,"Smartphone, Desktop computer",Agree,Neutral,Disagree,Neutral,"Staying in touch with friends / family, Entertainment / passing time, Staying informed about news/events"
3/1/2026 12:00:00,Diego Roy,diego.roy@icloud.com,10/9/2004,21.0,British Columbia,Female,3.0,econ,1.0,1.0,1.0,1.0,0.0,0.0,7.0,"Smartphone, Laptop",Neutral,Disagree,Disagree,Disagree,"Academic or professional networking, Staying informed about news/events, Self-expression / creativity"
3/5/2026 16:00:00,Lucas Brown,lucas.brown@lakeheadu.ca,9/22/2002,23.0,ON,Male,3.0,,1.0,2.0,1.0,1.0,0.0,0.0,7.0,"Smartphone, Laptop",Strong agree,Disagree,Disagree,Agree,"Entertainment / passing time, Academic or professional networking, Self-expression / creativity"
3/1/2026 18:00:00,Hana Dubois,hana.dubois@icloud.com,3/5/2001,25.0,Quebec,Male,4.0,Visual Art,1.0,1.0,1.0,1.0,0.0,0.0,7.0,"Laptop, Desktop computer, Smart TV",Neutral,Disagree,Neutral,,"Academic or professional networking, Staying informed about news/events"
3/12/2026 16:00:00,Olivia Anderson,olivia.anderson@uregina.ca,8/11/2003,22.0,Nova Scotia,Male,2.0,comp sci,0.0,1.0,0.0,1.0,0.0,0.0,8.0,Smartphone,Neutral,Disagree,Disagree,Neutral,"Entertainment / passing time, Academic or professional networking, Staying informed about news/events"
3/1/2026 18:00:00,Olivia Nguyen,olivia.nguyen@brocku.ca,4/25/2006,19.0,B.C.,Female,2.0,CompSci,0.0,0.0,0.0,1.0,0.0,0.0,9.0,"Smartphone, Gaming console",Neutral,Strongly disagree,Disagree,Strong agree,"Staying in touch with friends / family, Academic or professional networking, Self-expression / creativity"
1/1/2026 12:34:00,Sofia Smith,sofia.smith@proton.me,,,BC,Female,2.0,Psychology,1.0,2.0,1.0,1.0,0.0,0.0,7.0,"Smartphone, Desktop computer",Strong agree,Disagree,Neutral,Agree,"Staying in touch with friends / family, Staying informed about news/events"
3/19/2026 13:00:00,Ravi Clark,ravi.clark@outlook.com,6/15/2009,16.0,British Columbia,Male,4.0,Physics,1.0,3.0,2.0,2.0,1.0,0.0,5.0,Tablet,Agree,Agree,Neutral,Agree,"Staying in touch with friends / family, Staying informed about news/events, Self-expression / creativity"
3/2/2026 11:00:00,Arjun Lee,arjun.lee@mcgill.ca,1/3/2007,19.0,Nova Scotia,Female,2.0,Creative Writing,1.0,1.0,1.0,1.0,0.0,0.0,7.0,"Smartphone, Laptop, Tablet",Agree,Disagree,Disagree,Agree,"Entertainment / passing time, Academic or professional networking"
3/9/2026 17:00:00,Mei Patel,mei.patel@yahoo.com,7/19/2004,21.0,ontario,Male,2.0,Statistics,0.0,1.0,,1.0,0.0,0.0,8.0,,Neutral,Disagree,Disagree,Agree,"Staying in touch with friends / family, Self-expression / creativity"
1/1/2026 12:38:00,Leo Garcia,leo.garcia@ucalgary.ca,3/27/2001,24.0,British Columbia,Male,1.0,engineering,1.0,1.0,1.0,1.0,0.0,0.0,7.0,,Agree,Disagree,Strongly disagree,Neutral,"Entertainment / passing time, Academic or professional networking"
3/19/2026 12:00:00,Amir Khan,amir.khan@yahoo.com,3/18/2003,23.0,B.C.,Female,2.0,Biolgy,1.0,1.0,1.0,1.0,0.0,0.0,8.0,"Smartphone, Tablet, Smart TV",Agree,Disagree,Disagree,Strong agree,"Staying in touch with friends / family, Academic or professional networking, Staying informed about news/events, Self-expression / creativity"
3/5/2026 15:00:00,Ava Singh,ava.singh@outlook.com,2/16/2005,21.0,British Columbia,Female,1.0,engineering,1.0,2.0,1.0,1.0,0.0,0.0,7.0,"Smartphone, Smart TV",Agree,Disagree,Disagree,Agree,"Staying in touch with friends / family, Academic or professional networking, Staying informed about news/events, Self-expression / creativity"
3/8/2026 13:00:00,Mia Khan,mia.khan@umontreal.ca,3/24/2007,18.0,british columbia,Male,3.0,CompSci,1.0,1.0,1.0,1.0,0.0,0.0,8.0,Gaming console,Agree,Disagree,Strongly disagree,Neutral,"Staying in touch with friends / family, Entertainment / passing time, Self-expression / creativity"
3/19/2026 15:00:00,Priya Jackson,priya.jackson@yahoo.com,4/14/2000,25.0,British Columbia,,3.0,Computer Science,1.0,2.0,1.0,1.0,0.0,0.0,6.0,"Laptop, Tablet, Smart TV",Neutral,Disagree,Neutral,Neutral,"Staying in touch with friends / family, Entertainment / passing time, Academic or professional networking, Self-expression / creativity"
3/17/2026 09:00:00,Sofia Garcia,sofia.garcia@icloud.com,9/6/2003,22.0,ON,Male,1.0,chem,1.0,2.0,1.0,2.0,0.0,0.0,6.0,"Smartphone, Laptop, Tablet",Neutral,Neutral,Neutral,Neutral,"Staying in touch with friends / family, Entertainment / passing time, Staying informed about news/events, Self-expression / creativity"
3/4/2026 10:00:00,Olivia Smith,olivia.smith@yahoo.com,5/7/2002,23.0,ontario,Male,1.0,comp sci,0.0,0.0,0.0,1.0,0.0,0.0,8.0,Laptop,Agree,Strongly disagree,Disagree,Agree,Entertainment / passing time
3/18/2026 08:00:00,Diego Anderson,diego.anderson@icloud.com,8/5/2000,25.0,british columbia,Non-binary,2.0,psychology,1.0,2.0,1.0,3.0,0.0,0.0,5.0,Smartphone,Agree,Disagree,Neutral,Neutral,"Staying in touch with friends / family, Academic or professional networking, Staying informed about news/events, Self-expression / creativity"
3/11/2026 19:00:00,Hana Lopez,hana.lopez@yahoo.com,7/11/2004,21.0,Ontario,Female,1.0,Economics,0.0,1.0,1.0,1.0,0.0,0.0,8.0,"Smartphone, Desktop computer, Smart TV",Agree,Disagree,Neutral,Agree,"Entertainment / passing time, Self-expression / creativity"
3/19/2026 18:00:00,Kai Patel,kai.patel@proton.me,9/28/2005,20.0,BC,Female,3.0,psycology,0.0,1.0,1.0,1.0,0.0,0.0,7.0,"Laptop, Smart TV",Strong agree,Disagree,Disagree,Strong agree,"Staying in touch with friends / family, Self-expression / creativity"
3/13/2026 09:00:00,Nina Moore,nina.moore@proton.me,12/23/2006,19.0,BC,Female,2.0,chem,0.0,1.0,0.0,1.0,0.0,0.0,8.0,Desktop computer,Agree,Disagree,Strongly disagree,Agree,"Staying in touch with friends / family, Entertainment / passing time, Staying informed about news/events, Self-expression / creativity"
3/10/2026 14:00:00,Noor Lee,noor.lee@viu.ca,1/31/2007,19.0,,Female,1.0,Economics,1.0,2.0,1.0,1.0,0.0,0.0,7.0,"Smartphone, Laptop",Strong agree,Neutral,Neutral,Agree,"Staying in touch with friends / family, Entertainment / passing time, Staying informed about news/events, Self-expression / creativity"
3/3/2026 15:00:00,Hana Taylor,hana.taylor@dal.ca,,,british columbia,Female,2.0,Creative Writing,0.0,1.0,1.0,1.0,0.0,0.0,8.0,Smartphone,Agree,Disagree,Disagree,Agree,"Staying in touch with friends / family, Entertainment / passing time, Academic or professional networking"
3/15/2026 15:00:00,Arjun Harris,arjun.harris@icloud.com,3/18/2000,26.0,British Columbia,Male,2.0,comp sci,1.0,2.0,1.0,1.0,0.0,0.0,6.0,"Smartphone, Laptop",Neutral,,Strongly disagree,Agree,"Academic or professional networking, Self-expression / creativity"
3/15/2026 17:00:00,Ravi Ali,ravi.ali@yahoo.com,6/29/2002,23.0,british columbia,Male,2.0,chem,1.0,2.0,1.0,1.0,0.0,0.0,6.0,"Laptop, Desktop computer, Tablet",Agree,Disagree,Disagree,Neutral,"Staying in touch with friends / family, Entertainment / passing time, Academic or professional networking, Staying informed about news/events, Self-expression / creativity"
3/6/2026 19:00:00,Noah Nguyen,,9/29/2008,17.0,Ontario,Female,1.0,Biology,1.0,1.0,1.0,1.0,0.0,0.0,7.0,"Smartphone, Gaming console",Agree,Disagree,Disagree,Strong agree,"Staying in touch with friends / family, Entertainment / passing time"
3/10/2026 16:00:00,Kai Roy,kai.roy@outlook.com,9/17/2002,23.0,ON,Male,2.0,Creative Writing,1.0,1.0,1.0,1.0,0.0,0.0,8.0,Desktop computer,Agree,Strongly disagree,Disagree,Agree,Staying in touch with friends / family
3/15/2026 20:00:00,Yuki Gonzalez,yuki.gonzalez@hotmail.com,,21.0,Québec,Female,1.0,Psychology,1.0,1.0,1.0,1.0,0.0,0.0,8.0,"Smartphone, Laptop, Desktop computer",Neutral,Disagree,,Strong agree,Academic or professional networking
1/1/2026 12:56:00,Noah Chen,,5/28/2005,20.0,BC,Female,4.0,engineering,0.0,1.0,1.0,1.0,0.0,0.0,7.0,Smartphone,Agree,Disagree,Disagree,Agree,"Staying in touch with friends / family, Entertainment / passing time"
3/2/2026 16:00:00,Aisha Gonzalez,aisha.gonzalez@hotmail.com,3/12/2009,17.0,British Columbia,Male,1.0,biology,1.0,2.0,2.0,2.0,0.0,0.0,6.0,Smartphone,Agree,Disagree,Neutral,Agree,"Entertainment / passing time, Academic or professional networking, Staying informed about news/events"
3/12/2026 13:00:00,Yuki Hernandez,yuki.hernandez@mun.ca,8/4/2001,24.0,BC,Female,2.0,Statistics,1.0,2.0,1.0,1.0,0.0,0.0,6.0,"Smartphone, Laptop, Desktop computer, Tablet",Neutral,,Disagree,Agree,"Staying in touch with friends / family, Academic or professional networking"
3/1/2026 18:00:00,Priya Lee,priya.lee@gmail.com,4/22/2007,18.0,Québec,Male,3.0,psycology,1.0,2.0,1.0,3.0,0.0,0.0,6.0,"Smartphone, Desktop computer",Neutral,Neutral,Neutral,Neutral,"Entertainment / passing time, Self-expression / creativity"
3/8/2026 17:00:00,Leo Taylor,leo.taylor@proton.me,9/26/2006,19.0,BC,Female,2.0,Chemistry,1.0,2.0,1.0,2.0,0.0,0.0,6.0,Smartphone,Agree,Disagree,Neutral,Agree,"Staying in touch with friends / family, Entertainment / passing time, Academic or professional networking, Staying informed about news/events"
3/4/2026 16:00:00,Nina Lee,nina.lee@mcgill.ca,2/1/2005,21.0,Alta,Male,4.0,Biology,1.0,1.0,1.0,1.0,0.0,0.0,8.0,"Smartphone, Tablet",Agree,Disagree,Disagree,Neutral,"Staying in touch with friends / family, Entertainment / passing time, Staying informed about news/events, Self-expression / creativity"
3/6/2026 20:00:00,Sofia Moore,sofia.moore@yahoo.com,6/13/2006,19.0,Québec,Female,,chem,1.0,2.0,2.0,3.0,0.0,0.0,7.0,"Smartphone, Laptop",Agree,Neutral,Neutral,Agree,"Staying in touch with friends / family, Entertainment / passing time, Academic or professional networking, Staying informed about news/events"
3/12/2026 11:00:00,Hana Clark,hana.clark@proton.me,5/8/2008,17.0,,Male,1.0,biology,1.0,1.0,1.0,1.0,0.0,0.0,7.0,"Smartphone, Desktop computer, Tablet",Agree,Disagree,Disagree,Agree,"Staying in touch with friends / family, Entertainment / passing time, Academic or professional networking, Staying informed about news/events, Self-expression / creativity"
3/18/2026 15:00:00,Liam Harris,liam.harris@unb.ca,3/3/2006,20.0,Alberta,Female,2.0,Chemistry,1.0,2.0,1.0,3.0,0.0,0.0,5.0,"Desktop computer, Tablet, Gaming console",Strong agree,Neutral,Neutral,Neutral,"Staying informed about news/events, Self-expression / creativity"
3/18/2026 13:00:00,Hana Roy,hana.roy@hotmail.com,12/14/2008,17.0,BC,Male,1.0,stats,2.0,3.0,2.0,3.0,1.0,0.0,4.0,"Smartphone, Laptop",Neutral,Agree,Agree,Disagree,Staying in touch with friends / family
3/12/2026 16:00:00,Mateo Brown,mateo.brown@carleton.ca,6/16/1999,,BC,Male,3.0,Computer Science,0.0,0.0,0.0,0.0,0.0,0.0,9.0,Tablet,Agree,Strongly disagree,Strongly disagree,Agree,
3/13/2026 19:00:00,Priya Lee,priya.lee@outlook.com,5/23/2009,16.0,B.C.,Male,1.0,Physics,1.0,2.0,1.0,2.0,0.0,0.0,6.0,"Smartphone, Laptop, Gaming console",Neutral,,Neutral,Disagree,"Academic or professional networking, Staying informed about news/events"
3/16/2026 09:00:00,Diego Khan,diego.khan@hotmail.com,11/11/2002,23.0,ontario,Male,3.0,Chemistry,1.0,2.0,1.0,2.0,0.0,0.0,,Laptop,Neutral,Disagree,Disagree,Agree,"Staying in touch with friends / family, Academic or professional networking"
3/2/2026 15:00:00,Mia Hernandez,mia.hernandez@icloud.com,7/10/2005,20.0,british columbia,Female,2.0,psychology,1.0,1.0,1.0,1.0,0.0,0.0,7.0,"Tablet, Smart TV",Agree,Disagree,,Agree,"Staying in touch with friends / family, Entertainment / passing time"
3/5/2026 19:00:00,Kai Roy,,1/12/2009,,Manitoba,Female,1.0,psycology,0.0,1.0,1.0,1.0,0.0,0.0,7.0,"Smartphone, Laptop, Desktop computer, Gaming console",Agree,Disagree,Disagree,Neutral,"Entertainment / passing time, Academic or professional networking"
3/1/2026 08:00:00,Mia White,mia.white@outlook.com,9/3/2002,23.0,BC,Male,1.0,engineering,1.0,1.0,1.0,1.0,0.0,0.0,8.0,"Smartphone, Desktop computer, Tablet",,Disagree,Disagree,Agree,"Staying in touch with friends / family, Entertainment / passing time, Academic or professional networking, Self-expression / creativity"
3/3/2026 13:00:00,Amir Dubois,,2/22/2008,18.0,B.C.,Male,3.0,CompSci,1.0,2.0,1.0,1.0,0.0,0.0,6.0,Laptop,Agree,Disagree,Neutral,Disagree,"Academic or professional networking, Self-expression / creativity"
3/9/2026 13:00:00,Sofia Taylor,sofia.taylor@wilfridlaurier.ca,5/16/1999,26.0,,Male,4.0,Psychology,1.0,1.0,1.0,1.0,0.0,0.0,7.0,Laptop,Agree,Disagree,Disagree,Neutral,Academic or professional networking
3/2/2026 19:00:00,Mei Hernandez,mei.hernandez@hotmail.com,5/3/2000,25.0,british columbia,Male,2.0,Statistics,1.0,2.0,1.0,1.0,0.0,0.0,6.0,"Smartphone, Laptop, Desktop computer",Agree,Disagree,Disagree,Neutral,"Staying in touch with friends / family, Entertainment / passing time, Academic or professional networking, Staying informed about news/events, Self-expression / creativity"
3/9/2026 18:00:00,Lucas Ali,lucas.ali@outlook.com,3/1/2005,21.0,AB,Female,2.0,Physics,1.0,2.0,1.0,3.0,0.0,0.0,5.0,"Smartphone, Tablet, Gaming console",Strong agree,Neutral,Neutral,Agree,"Entertainment / passing time, Academic or professional networking, Staying informed about news/events"
3/12/2026 15:00:00,Nina Taylor,nina.taylor@uottawa.ca,,,B.C.,Male,2.0,Computer Science,1.0,2.0,1.0,2.0,0.0,0.0,7.0,Desktop computer,Agree,Disagree,Neutral,Agree,"Staying in touch with friends / family, Entertainment / passing time, Academic or professional networking, Staying informed about news/events, Self-expression / creativity"
3/6/2026 15:00:00,Chloe White,chloe.white@outlook.com,11/19/2005,20.0,Alta,Female,3.0,Economics,1.0,1.0,1.0,1.0,0.0,0.0,7.0,"Smartphone, Smart TV",Agree,Disagree,Disagree,Agree,"Staying in touch with friends / family, Self-expression / creativity"
3/1/2026 11:00:00,Sofia Taylor,sofia.taylor@hotmail.com,4/24/2008,,Alberta,Female,,biology,1.0,1.0,1.0,1.0,0.0,0.0,7.0,"Smartphone, Gaming console",Agree,Disagree,Neutral,Neutral,"Staying in touch with friends / family, Entertainment / passing time, Staying informed about news/events, Self-expression / creativity"
3/7/2026 18:00:00,Isabella Ali,isabella.ali@proton.me,12/13/2003,22.0,ON,Female,3.0,Visual Art,1.0,2.0,2.0,2.0,0.0,0.0,5.0,"Laptop, Desktop computer, Tablet, Smart TV",Neutral,Neutral,Neutral,Neutral,"Entertainment / passing time, Staying informed about news/events, Self-expression / creativity"
3/8/2026 13:00:00,Zara Clark,zara.clark@hotmail.com,9/18/1998,27.0,BC,Female,3.0,Visual Art,0.0,1.0,0.0,1.0,0.0,0.0,7.0,"Smartphone, Laptop, Desktop computer, Tablet",Agree,Strongly disagree,Strongly disagree,Agree,"Staying in touch with friends / family, Entertainment / passing time, Staying informed about news/events"
3/6/2026 09:00:00,Mei Jackson,mei.jackson@icloud.com,10/2/2005,,BC,Male,3.0,psycology,0.0,1.0,1.0,1.0,0.0,0.0,7.0,Smartphone,Agree,Strongly disagree,Strongly disagree,Agree,"Staying in touch with friends / family, Entertainment / passing time, Staying informed about news/events, Self-expression / creativity"
3/17/2026 20:00:00,Emma White,emma.white@uottawa.ca,8/17/2007,18.0,B.C.,Male,2.0,Physics,1.0,2.0,1.0,3.0,0.0,0.0,6.0,Smartphone,Agree,Neutral,Agree,Agree,"Staying in touch with friends / family, Academic or professional networking"
3/15/2026 10:00:00,Sofia Khan,sofia.khan@icloud.com,6/20/2001,24.0,british columbia,Male,2.0,Biolgy,0.0,1.0,1.0,1.0,0.0,0.0,7.0,"Smartphone, Desktop computer",Neutral,Disagree,Disagree,Agree,"Staying in touch with friends / family, Entertainment / passing time, Academic or professional networking, Staying informed about news/events"
3/19/2026 18:00:00,Oscar Hernandez,oscar.hernandez@stfx.ca,2/20/2007,19.0,ontario,Female,2.0,Biology,1.0,2.0,1.0,1.0,0.0,0.0,6.0,"Smartphone, Desktop computer",Agree,Disagree,Neutral,Disagree,"Academic or professional networking, Self-expression / creativity"
3/15/2026 19:00:00,Mateo Lee,mateo.lee@brocku.ca,4/22/2008,,ontario,Male,3.0,Chemistry,1.0,2.0,1.0,2.0,0.0,0.0,6.0,"Smartphone, Laptop, Tablet",Agree,Disagree,,Neutral,"Staying in touch with friends / family, Entertainment / passing time, Staying informed about news/events"
3/12/2026 12:00:00,Liam Singh,liam.singh@hotmail.com,11/11/2006,19.0,ON,Male,1.0,comp sci,1.0,3.0,2.0,2.0,1.0,0.0,5.0,"Smartphone, Laptop, Tablet, Gaming console",Neutral,Neutral,Neutral,Neutral,"Staying in touch with friends / family, Entertainment / passing time, Academic or professional networking, Staying informed about news/events, Self-expression / creativity"
1/1/2026 13:27:00,Mei Patel,mei.patel@icloud.com,4/19/2002,23.0,British Columbia,Male,3.0,Creative Writing,0.0,1.0,0.0,1.0,0.0,0.0,8.0,,Agree,Strongly disagree,Strongly disagree,Agree,"Staying in touch with friends / family, Academic or professional networking, Staying informed about news/events"
1/1/2026 13:28:00,Zara Gonzalez,zara.gonzalez@stfx.ca,10/14/2003,22.0,Ontario,Female,4.0,engineering,0.0,0.0,0.0,0.0,0.0,0.0,8.0,Smartphone,Strong agree,Strongly disagree,Strongly disagree,Neutral,Staying informed about news/events
3/8/2026 20:00:00,Amir Lewis,amir.lewis@proton.me,10/15/2002,23.0,Alta,Male,3.0,Economics,1.0,1.0,1.0,1.0,0.0,0.0,5.0,"Smartphone, Desktop computer",Neutral,,Disagree,Agree,"Staying in touch with friends / family, Entertainment / passing time, Self-expression / creativity"
3/4/2026 11:00:00,Isabella Clark,isabella.clark@gmail.com,11/16/2005,20.0,British Columbia,Female,3.0,Creative Writing,1.0,2.0,1.0,1.0,0.0,0.0,6.0,"Smartphone, Laptop, Tablet",Neutral,Disagree,Disagree,Agree,"Academic or professional networking, Self-expression / creativity"
3/18/2026 11:00:00,Fatima Singh,fatima.singh@mun.ca,9/26/2007,18.0,ontario,Male,4.0,econ,1.0,2.0,1.0,2.0,0.0,0.0,7.0,Tablet,Agree,Neutral,Neutral,Agree,"Staying in touch with friends / family, Entertainment / passing time, Self-expression / creativity"
3/2/2026 12:00:00,Leo Jackson,leo.jackson@umanitoba.ca,,19.0,british columbia,Male,3.0,Engineering,1.0,2.0,1.0,1.0,0.0,0.0,7.0,"Smartphone, Desktop computer, Tablet",Agree,Disagree,Disagree,Agree,"Staying in touch with friends / family, Entertainment / passing time, Self-expression / creativity"
3/8/2026 16:00:00,Noor White,noor.white@brocku.ca,3/6/2006,20.0,B.C.,Female,3.0,engineering,1.0,2.0,1.0,2.0,0.0,0.0,6.0,"Laptop, Gaming console",Agree,Neutral,Neutral,Agree,"Entertainment / passing time, Academic or professional networking, Staying informed about news/events, Self-expression / creativity"
3/5/2026 19:00:00,Jamal Lee,jamal.lee@ulaval.ca,9/23/2002,23.0,B.C.,Female,1.0,Visual Art,1.0,1.0,1.0,1.0,0.0,0.0,8.0,"Laptop, Tablet",Agree,Neutral,Disagree,Neutral,"Staying in touch with friends / family, Entertainment / passing time, Academic or professional networking, Staying informed about news/events, Self-expression / creativity"
3/3/2026 10:00:00,Hana Harris,hana.harris@stfx.ca,10/13/2003,,B.C.,Female,2.0,,1.0,,1.0,1.0,0.0,0.0,7.0,Smartphone,Neutral,Neutral,Neutral,Neutral,"Staying in touch with friends / family, Entertainment / passing time, Academic or professional networking, Staying informed about news/events"
3/17/2026 14:00:00,Fatima Brown,fatima.brown@gmail.com,4/25/2006,19.0,British Columbia,Female,3.0,comp sci,1.0,2.0,2.0,2.0,0.0,0.0,6.0,"Smartphone, Laptop, Tablet",Agree,Disagree,Neutral,Agree,"Staying in touch with friends / family, Entertainment / passing time, Academic or professional networking"
3/7/2026 14:00:00,Chloe Young,chloe.young@umanitoba.ca,1/20/2009,17.0,ontario,Female,1.0,Psychology,1.0,2.0,1.0,2.0,0.0,0.0,6.0,"Smartphone, Tablet",Agree,Disagree,Disagree,Neutral,"Staying in touch with friends / family, Academic or professional networking, Staying informed about news/events"
3/2/2026 09:00:00,Zara Jackson,zara.jackson@brocku.ca,5/9/2000,25.0,ON,,1.0,comp sci,1.0,1.0,1.0,1.0,0.0,0.0,7.0,"Smartphone, Smart TV",Agree,Disagree,Disagree,Neutral,Academic or professional networking
3/14/2026 09:00:00,Hana Roy,hana.roy@proton.me,12/2/2006,19.0,British Columbia,Male,4.0,Visual Art,1.0,1.0,1.0,1.0,0.0,0.0,8.0,"Smartphone, Desktop computer, Tablet",Neutral,Disagree,Disagree,Strong agree,"Staying in touch with friends / family, Entertainment / passing time, Academic or professional networking, Staying informed about news/events"
3/19/2026 18:00:00,Liam White,liam.white@icloud.com,2/5/2005,21.0,Ontario,Male,4.0,Biolgy,1.0,2.0,1.0,1.0,0.0,0.0,6.0,"Smartphone, Laptop, Desktop computer",Strong agree,Disagree,Disagree,Neutral,"Staying in touch with friends / family, Entertainment / passing time, Self-expression / creativity"
3/17/2026 15:00:00,Noor Lee,noor.lee@unb.ca,3/10/2006,20.0,ON,Male,3.0,psycology,1.0,1.0,1.0,1.0,0.0,0.0,7.0,"Laptop, Desktop computer, Gaming console",Neutral,Disagree,Disagree,Agree,"Entertainment / passing time, Academic or professional networking, Staying informed about news/events, Self-expression / creativity"
3/6/2026 13:00:00,Emma Martin,emma.martin@icloud.com,3/18/2005,21.0,BC,Female,3.0,Engineering,1.0,1.0,1.0,1.0,0.0,0.0,8.0,"Desktop computer, Gaming console",Neutral,Disagree,Neutral,Neutral,"Staying in touch with friends / family, Entertainment / passing time, Academic or professional networking, Staying informed about news/events"
3/19/2026 19:00:00,Nina Gonzalez,nina.gonzalez@gmail.com,12/31/2001,24.0,Québec,Prefer not to say,3.0,Computer Science,1.0,1.0,1.0,1.0,0.0,0.0,6.0,"Smartphone, Laptop, Gaming console, Smart TV",Neutral,Neutral,Disagree,Agree,
3/17/2026 19:00:00,Noor Taylor,noor.taylor@outlook.com,,,,Male,3.0,comp sci,0.0,1.0,0.0,1.0,0.0,0.0,8.0,"Smartphone, Laptop, Tablet, Gaming console",Agree,Disagree,Disagree,Agree,"Staying in touch with friends / family, Staying informed about news/events, Self-expression / creativity"
3/18/2026 17:00:00,Isabella Khan,isabella.khan@hotmail.com,,,ON,Prefer not to say,4.0,psycology,1.0,2.0,1.0,1.0,0.0,0.0,7.0,"Smartphone, Laptop, Desktop computer, Gaming console",,Disagree,Neutral,Agree,"Staying in touch with friends / family, Entertainment / passing time, Academic or professional networking, Staying informed about news/events, Self-expression / creativity"
3/9/2026 08:00:00,Emma Lewis,emma.lewis@gmail.com,4/3/2005,20.0,QC,Male,1.0,,1.0,2.0,1.0,1.0,0.0,0.0,6.0,"Smartphone, Gaming console",Agree,Neutral,Disagree,Neutral,"Staying in touch with friends / family, Entertainment / passing time, Staying informed about news/events"
3/3/2026 08:00:00,Mateo Lopez,mateo.lopez@proton.me,10/10/2008,17.0,Alberta,Female,1.0,engineering,1.0,2.0,1.0,1.0,0.0,0.0,7.0,"Smartphone, Laptop, Desktop computer",Disagree,Disagree,Disagree,Agree,"Entertainment / passing time, Academic or professional networking, Staying informed about news/events"
3/19/2026 17:00:00,Noah Ali,noah.ali@umanitoba.ca,8/11/2001,24.0,BC,Female,2.0,Visual Art,1.0,1.0,1.0,1.0,0.0,0.0,8.0,Smartphone,Strong agree,Disagree,Disagree,Neutral,"Staying in touch with friends / family, Entertainment / passing time, Staying informed about news/events"
3/14/2026 08:00:00,Chloe Nguyen,chloe.nguyen@umontreal.ca,5/28/2003,22.0,Quebec,,1.0,stats,1.0,2.0,1.0,3.0,0.0,0.0,5.0,"Smartphone, Laptop, Gaming console, Smart TV",Agree,Neutral,Neutral,Neutral,"Staying in touch with friends / family, Academic or professional networking"
3/17/2026 19:00:00,Ravi Khan,ravi.khan@outlook.com,3/19/2002,24.0,Nova Scotia,Female,2.0,comp sci,1.0,2.0,1.0,1.0,0.0,0.0,6.0,"Smartphone, Desktop computer",Neutral,Neutral,Disagree,Agree,"Staying in touch with friends / family, Entertainment / passing time, Academic or professional networking, Self-expression / creativity"
3/17/2026 09:00:00,Diego Young,diego.young@proton.me,,,B.C.,Female,3.0,Computer Science,1.0,2.0,1.0,2.0,0.0,0.0,6.0,"Smartphone, Laptop, Tablet",Agree,Neutral,Neutral,Neutral,"Staying in touch with friends / family, Entertainment / passing time, Academic or professional networking, Staying informed about news/events, Self-expression / creativity"
3/19/2026 13:00:00,Priya Young,priya.young@umanitoba.ca,4/26/2008,17.0,Ontario,Male,1.0,CompSci,1.0,1.0,1.0,1.0,0.0,0.0,8.0,"Laptop, Gaming console",Neutral,Disagree,Disagree,Neutral,"Entertainment / passing time, Staying informed about news/events, Self-expression / creativity"
3/18/2026 13:00:00,Liam White,,4/3/2005,,Alberta,Female,4.0,Computer Science,1.0,1.0,1.0,1.0,0.0,0.0,7.0,"Smartphone, Laptop, Tablet",Strong agree,Disagree,Neutral,Agree,"Staying in touch with friends / family, Academic or professional networking, Staying informed about news/events, Self-expression / creativity"
3/5/2026 18:00:00,Jamal Lopez,jamal.lopez@dal.ca,8/22/2007,18.0,B.C.,Female,4.0,Creative Writing,1.0,1.0,1.0,1.0,0.0,0.0,8.0,Gaming console,Agree,Disagree,Disagree,Agree,"Staying in touch with friends / family, Entertainment / passing time, Staying informed about news/events, Self-expression / creativity"
3/11/2026 10:00:00,Oscar Nguyen,oscar.nguyen@trentu.ca,5/3/2004,21.0,B.C.,Male,1.0,Economics,0.0,1.0,1.0,1.0,0.0,0.0,8.0,Gaming console,Strong agree,Strongly disagree,Disagree,Neutral,"Staying in touch with friends / family, Academic or professional networking, Staying informed about news/events"
1/1/2026 13:56:00,Nina Wilson,nina.wilson@gmail.com,7/22/2008,17.0,Alta,Male,1.0,engineering,1.0,1.0,1.0,1.0,0.0,0.0,8.0,"Smartphone, Laptop, Desktop computer",Neutral,Disagree,Disagree,Strong agree,"Staying in touch with friends / family, Entertainment / passing time, Staying informed about news/events, Self-expression / creativity"
3/11/2026 14:00:00,Lucas Ali,lucas.ali@hotmail.com,5/16/2007,18.0,B.C.,Female,2.0,Economics,1.0,1.0,1.0,1.0,0.0,0.0,8.0,"Smartphone, Gaming console",Strong agree,Neutral,,Agree,"Staying in touch with friends / family, Entertainment / passing time, Academic or professional networking, Self-expression / creativity"
3/3/2026 12:00:00,Oscar Thomas,oscar.thomas@outlook.com,2/2/2006,20.0,Alta,Female,3.0,psycology,1.0,3.0,2.0,2.0,1.0,0.0,6.0,"Smartphone, Laptop, Gaming console",Neutral,Agree,Agree,Agree,"Entertainment / passing time, Staying informed about news/events, Self-expression / creativity"
3/4/2026 20:00:00,Diego Jackson,diego.jackson@proton.me,,22.0,ON,Female,4.0,Chemistry,0.0,1.0,1.0,1.0,0.0,0.0,7.0,"Smartphone, Laptop, Desktop computer",Agree,Strongly disagree,Strongly disagree,Agree,"Academic or professional networking, Self-expression / creativity"
3/9/2026 11:00:00,Fatima Young,fatima.young@mun.ca,12/19/2008,17.0,Alberta,Female,1.0,biology,1.0,2.0,1.0,2.0,0.0,0.0,6.0,Laptop,Neutral,Neutral,Disagree,Agree,"Entertainment / passing time, Academic or professional networking, Self-expression / creativity"
3/10/2026 08:00:00,Jamal Garcia,jamal.garcia@hotmail.com,12/7/2005,20.0,Nova Scotia,Male,1.0,enginering,1.0,2.0,1.0,1.0,0.0,0.0,7.0,Desktop computer,Neutral,Neutral,Disagree,Neutral,"Staying in touch with friends / family, Entertainment / passing time, Self-expression / creativity"
3/13/2026 13:00:00,Jamal Roy,jamal.roy@umanitoba.ca,3/8/2003,23.0,Québec,Male,2.0,Physics,1.0,1.0,1.0,1.0,0.0,0.0,7.0,"Smartphone, Laptop",Strong agree,Disagree,Disagree,Agree,
3/6/2026 18:00:00,Diego Dubois,diego.dubois@brocku.ca,9/3/2005,20.0,british columbia,Male,2.0,Psychology,0.0,1.0,1.0,1.0,0.0,0.0,7.0,Smartphone,Agree,Disagree,Disagree,Neutral,"Staying in touch with friends / family, Academic or professional networking, Self-expression / creativity"
1/1/2026 14:04:00,Arjun White,arjun.white@usask.ca,,17.0,AB,Female,1.0,CompSci,1.0,1.0,1.0,1.0,0.0,0.0,7.0,"Smartphone, Desktop computer, Smart TV",Agree,Disagree,Disagree,Agree,"Academic or professional networking, Staying informed about news/events, Self-expression / creativity"
3/17/2026 20:00:00,Oscar White,oscar.white@icloud.com,8/2/2008,17.0,MB,Female,1.0,Creative Writing,1.0,2.0,1.0,1.0,0.0,0.0,6.0,Tablet,Neutral,Disagree,Disagree,Neutral,Entertainment / passing time
3/4/2026 11:00:00,Mia Khan,,9/3/2003,22.0,british columbia,Female,2.0,Psychology,1.0,1.0,1.0,1.0,0.0,0.0,7.0,Desktop computer,Agree,Disagree,Disagree,Neutral,"Entertainment / passing time, Academic or professional networking, Self-expression / creativity"
3/6/2026 19:00:00,Isabella Patel,isabella.patel@outlook.com,9/29/2008,17.0,Ontario,Female,1.0,Biology,1.0,1.0,1.0,1.0,0.0,0.0,7.0,"Smartphone, Gaming console",Agree,Disagree,Disagree,Strong agree,"Staying in touch with friends / family, Entertainment / passing time"
3/18/2026 16:00:00,Sofia Lopez,sofia.lopez@icloud.com,2/1/2005,21.0,B.C.,Prefer not to say,2.0,CompSci,1.0,1.0,1.0,1.0,0.0,0.0,6.0,"Laptop, Tablet",Neutral,Neutral,Disagree,Neutral,"Staying in touch with friends / family, Academic or professional networking, Staying informed about news/events, Self-expression / creativity"
3/19/2026 13:00:00,Noor Roy,noor.roy@proton.me,12/16/2006,19.0,B.C.,Male,4.0,Engineering,0.0,1.0,0.0,1.0,0.0,0.0,9.0,"Smartphone, Laptop, Desktop computer, Tablet, Gaming console",,Neutral,Strongly disagree,Neutral,"Staying in touch with friends / family, Entertainment / passing time, Academic or professional networking, Staying informed about news/events"
3/2/2026 17:00:00,Mia Lee,mia.lee@yahoo.com,3/26/2008,17.0,Alberta,Female,1.0,biology,1.0,1.0,1.0,1.0,0.0,0.0,7.0,Smart TV,Agree,Strongly disagree,Disagree,Agree,"Entertainment / passing time, Academic or professional networking, Staying informed about news/events, Self-expression / creativity"
3/10/2026 10:00:00,Isabella Lewis,isabella.lewis@torontomu.ca,1/28/2008,18.0,British Columbia,Female,2.0,econ,1.0,2.0,1.0,1.0,0.0,0.0,6.0,"Smartphone, Desktop computer, Smart TV",Agree,Disagree,Neutral,Neutral,"Entertainment / passing time, Academic or professional networking, Staying informed about news/events"
3/16/2026 08:00:00,Zara Moore,zara.moore@gmail.com,9/27/2005,20.0,British Columbia,Male,2.0,Computer Science,1.0,2.0,1.0,2.0,0.0,0.0,6.0,Smartphone,,Neutral,Neutral,Disagree,
3/13/2026 08:00:00,Olivia Hernandez,olivia.hernandez@hotmail.com,,,B.C.,Prefer not to say,1.0,Economics,1.0,2.0,1.0,1.0,0.0,0.0,7.0,Smartphone,Neutral,Disagree,Disagree,Agree,"Staying in touch with friends / family, Entertainment / passing time, Academic or professional networking, Staying informed about news/events, Self-expression / creativity"
3/17/2026 17:00:00,Yuki Anderson,yuki.anderson@yorku.ca,1/30/2006,20.0,Ontario,Female,1.0,psycology,1.0,2.0,1.0,1.0,0.0,0.0,7.0,"Smartphone, Laptop",Agree,Strongly disagree,Disagree,Agree,"Staying in touch with friends / family, Entertainment / passing time, Academic or professional networking, Self-expression / creativity"
3/8/2026 12:00:00,Mei Nguyen,mei.nguyen@hotmail.com,6/27/2002,23.0,QC,Female,3.0,Biolgy,0.0,1.0,1.0,1.0,0.0,0.0,7.0,"Smartphone, Gaming console",Agree,Strongly disagree,Disagree,Agree,Self-expression / creativity
3/3/2026 17:00:00,Zara Anderson,zara.anderson@yahoo.com,12/3/2005,20.0,QC,Male,4.0,engineering,1.0,1.0,1.0,1.0,0.0,0.0,8.0,Laptop,Agree,Neutral,Disagree,Neutral,"Staying in touch with friends / family, Entertainment / passing time"
3/5/2026 09:00:00,Sofia Thomas,,7/26/2008,17.0,NS,Non-binary,1.0,chem,1.0,2.0,1.0,2.0,0.0,0.0,7.0,"Smartphone, Desktop computer, Gaming console",Neutral,Disagree,Disagree,Strong agree,"Staying in touch with friends / family, Self-expression / creativity"
3/2/2026 19:00:00,Fatima Young,fatima.young@hotmail.com,5/13/2002,23.0,BC,Male,3.0,,1.0,1.0,1.0,1.0,0.0,0.0,7.0,"Smartphone, Desktop computer",Neutral,Disagree,Disagree,Neutral,"Staying in touch with friends / family, Entertainment / passing time, Self-expression / creativity"
3/19/2026 18:00:00,Noah Harris,noah.harris@uwo.ca,2/17/2002,24.0,Ontario,Female,1.0,Visual Art,1.0,2.0,1.0,2.0,0.0,0.0,7.0,"Smartphone, Laptop",Agree,Neutral,Neutral,Strong agree,"Staying in touch with friends / family, Academic or professional networking"
3/13/2026 18:00:00,Noah Lewis,noah.lewis@outlook.com,12/15/2006,19.0,british columbia,Female,2.0,psychology,0.0,1.0,0.0,1.0,0.0,0.0,9.0,Smartphone,Strong agree,Disagree,Disagree,Agree,Staying in touch with friends / family
3/8/2026 13:00:00,Noah Thomas,noah.thomas@sfu.ca,6/7/2005,20.0,BC,Male,1.0,Engineering,1.0,1.0,1.0,1.0,0.0,0.0,7.0,"Desktop computer, Gaming console",Agree,Strongly disagree,,Agree,"Staying in touch with friends / family, Entertainment / passing time"
3/6/2026 16:00:00,Mia Jackson,mia.jackson@hotmail.com,1/30/2003,23.0,BC,Female,1.0,CompSci,1.0,2.0,1.0,2.0,0.0,0.0,6.0,"Smartphone, Laptop",Agree,Disagree,Disagree,Agree,"Staying in touch with friends / family, Entertainment / passing time, Academic or professional networking, Staying informed about news/events, Self-expression / creativity"
3/11/2026 14:00:00,Elena Lee,,,18.0,British Columbia,Female,1.0,Biolgy,1.0,2.0,1.0,1.0,0.0,0.0,7.0,"Smartphone, Gaming console, Smart TV",Agree,Neutral,Neutral,Agree,"Staying in touch with friends / family, Academic or professional networking"
3/19/2026 16:00:00,Mia Nguyen,mia.nguyen@gmail.com,,22.0,British Columbia,Non-binary,1.0,chem,0.0,1.0,1.0,1.0,0.0,0.0,8.0,"Laptop, Gaming console",Neutral,Strongly disagree,Disagree,Agree,"Academic or professional networking, Staying informed about news/events"
3/5/2026 10:00:00,Priya Gonzalez,priya.gonzalez@gmail.com,12/25/2006,19.0,ON,Female,1.0,,1.0,2.0,1.0,2.0,0.0,,6.0,"Smartphone, Laptop, Tablet, Gaming console",Agree,Neutral,Neutral,Strong agree,"Entertainment / passing time, Staying informed about news/events, Self-expression / creativity"
3/16/2026 08:00:00,Arjun White,arjun.white@icloud.com,8/26/2000,25.0,Nova Scotia,Female,1.0,biology,1.0,2.0,1.0,2.0,0.0,0.0,6.0,"Smartphone, Laptop, Desktop computer",Neutral,,Disagree,Strong agree,"Staying in touch with friends / family, Staying informed about news/events"
3/9/2026 12:00:00,Amir Harris,amir.harris@outlook.com,,19.0,British Columbia,Female,3.0,Biology,1.0,2.0,1.0,1.0,0.0,0.0,,"Smartphone, Laptop",Neutral,Disagree,Disagree,Neutral,"Staying in touch with friends / family, Entertainment / passing time, Staying informed about news/events, Self-expression / creativity"
3/12/2026 16:00:00,Diego Anderson,diego.anderson@carleton.ca,,,QC,Female,2.0,stats,1.0,1.0,1.0,1.0,0.0,0.0,7.0,"Smartphone, Laptop, Smart TV",Neutral,Disagree,Disagree,Agree,"Staying in touch with friends / family, Entertainment / passing time, Academic or professional networking, Staying informed about news/events, Self-expression / creativity"
3/11/2026 19:00:00,Hana Nguyen,hana.nguyen@yahoo.com,8/15/2006,19.0,,Female,3.0,Chemistry,1.0,2.0,1.0,1.0,0.0,0.0,6.0,"Smartphone, Laptop",Strong agree,Disagree,Neutral,Agree,"Staying in touch with friends / family, Entertainment / passing time, Academic or professional networking, Staying informed about news/events, Self-expression / creativity"
3/8/2026 14:00:00,Aisha Garcia,aisha.garcia@ontariotechu.ca,9/11/2004,21.0,B.C.,Female,3.0,engineering,1.0,2.0,1.0,1.0,0.0,0.0,7.0,"Smartphone, Laptop, Desktop computer",Neutral,Neutral,Disagree,Agree,"Staying in touch with friends / family, Entertainment / passing time, Academic or professional networking, Staying informed about news/events, Self-expression / creativity"
3/3/2026 20:00:00,Arjun Lopez,arjun.lopez@icloud.com,8/29/2008,17.0,BC,Female,1.0,enginering,1.0,2.0,1.0,1.0,0.0,0.0,7.0,Smartphone,Agree,Disagree,Neutral,Neutral,"Staying in touch with friends / family, Entertainment / passing time"
3/2/2026 14:00:00,Elena Khan,,3/4/2007,19.0,British Columbia,Male,1.0,econ,1.0,2.0,1.0,1.0,0.0,0.0,,"Laptop, Tablet",Agree,Disagree,Neutral,Agree,"Staying in touch with friends / family, Academic or professional networking, Self-expression / creativity"
3/19/2026 17:00:00,Hana Garcia,hana.garcia@yahoo.com,10/14/2003,22.0,Nova Scotia,Male,2.0,Computer Science,0.0,1.0,1.0,1.0,0.0,0.0,7.0,"Desktop computer, Tablet",Strong agree,Disagree,Disagree,Strong agree,"Staying in touch with friends / family, Entertainment / passing time, Self-expression / creativity"
3/12/2026 20:00:00,Zara Patel,zara.patel@uwo.ca,3/19/2003,23.0,BC,Female,3.0,psycology,1.0,1.0,1.0,1.0,0.0,0.0,8.0,"Smartphone, Laptop, Gaming console",Disagree,Disagree,Disagree,Agree,Academic or professional networking
3/12/2026 13:00:00,Mei Jackson,mei.jackson@ucalgary.ca,,22.0,Ontario,Female,4.0,enginering,1.0,2.0,1.0,1.0,0.0,0.0,6.0,"Laptop, Smart TV",Agree,Neutral,Neutral,Neutral,"Staying in touch with friends / family, Entertainment / passing time, Academic or professional networking, Self-expression / creativity"
3/5/2026 12:00:00,Sofia Moore,sofia.moore@icloud.com,8/16/2000,25.0,ontario,Female,4.0,Economics,1.0,2.0,1.0,1.0,0.0,0.0,7.0,,Neutral,Disagree,Neutral,Agree,"Staying in touch with friends / family, Academic or professional networking, Staying informed about news/events, Self-expression / creativity"
3/10/2026 17:00:00,Mateo Martin,mateo.martin@proton.me,12/21/1999,26.0,AB,Female,3.0,psychology,1.0,1.0,1.0,1.0,0.0,0.0,8.0,"Laptop, Desktop computer, Tablet, Gaming console",Neutral,,Neutral,Strong agree,"Entertainment / passing time, Academic or professional networking, Staying informed about news/events, Self-expression / creativity"
3/12/2026 19:00:00,Mia Ali,mia.ali@proton.me,10/8/2002,23.0,british columbia,Male,,econ,0.0,1.0,0.0,1.0,0.0,0.0,7.0,"Smartphone, Laptop",Agree,Strongly disagree,Disagree,Strong agree,"Staying in touch with friends / family, Entertainment / passing time, Academic or professional networking, Staying informed about news/events, Self-expression / creativity"
3/5/2026 15:00:00,Olivia Garcia,olivia.garcia@queensu.ca,10/1/2001,24.0,BC,Male,2.0,stats,1.0,1.0,1.0,1.0,0.0,0.0,8.0,,Neutral,Neutral,Disagree,,"Staying in touch with friends / family, Staying informed about news/events, Self-expression / creativity"
3/7/2026 20:00:00,Elena Young,elena.young@gmail.com,7/25/2007,18.0,BC,Female,4.0,Biolgy,1.0,1.0,1.0,1.0,0.0,0.0,6.0,Smartphone,Agree,Strongly disagree,Disagree,Agree,"Entertainment / passing time, Academic or professional networking, Staying informed about news/events"
1/1/2026 14:41:00,Yuki Jackson,yuki.jackson@hotmail.com,8/2/1999,,british columbia,Female,3.0,biology,1.0,1.0,1.0,1.0,0.0,0.0,8.0,"Smartphone, Desktop computer, Gaming console, Smart TV",Agree,Disagree,Disagree,Neutral,Staying in touch with friends / family
3/3/2026 08:00:00,Mei Lopez,mei.lopez@uvic.ca,2/6/2009,17.0,Alberta,Female,1.0,Psychology,1.0,2.0,1.0,3.0,0.0,0.0,5.0,"Smartphone, Laptop, Desktop computer",Neutral,Neutral,Neutral,Neutral,"Staying informed about news/events, Self-expression / creativity"
3/4/2026 10:00:00,Lucas Harris,lucas.harris@gmail.com,10/1/2008,17.0,Manitoba,Female,1.0,psychology,1.0,1.0,1.0,1.0,0.0,0.0,8.0,Smart TV,Agree,Neutral,Disagree,Agree,"Entertainment / passing time, Academic or professional networking, Staying informed about news/events, Self-expression / creativity"
3/4/2026 11:00:00,Mia Khan,mia.khan@viu.ca,11/16/2005,20.0,British Columbia,Female,3.0,Creative Writing,1.0,2.0,1.0,1.0,0.0,0.0,6.0,"Smartphone, Laptop, Tablet",Neutral,Disagree,Disagree,Agree,"Academic or professional networking, Self-expression / creativity"
3/12/2026 16:00:00,Jamal Lewis,jamal.lewis@outlook.com,7/16/2003,22.0,british columbia,Male,1.0,engineering,0.0,0.0,0.0,1.0,0.0,0.0,9.0,"Smartphone, Laptop, Desktop computer",Agree,Strongly disagree,Strongly disagree,Agree,"Staying in touch with friends / family, Entertainment / passing time"
3/18/2026 13:00:00,Liam White,,4/3/2005,,Alberta,Female,4.0,Computer Science,1.0,1.0,1.0,1.0,0.0,0.0,7.0,"Smartphone, Laptop, Tablet",Strong agree,Disagree,Neutral,Agree,"Staying in touch with friends / family, Academic or professional networking, Staying informed about news/events, Self-expression / creativity"
3/19/2026 09:00:00,Emma Thomas,emma.thomas@trentu.ca,4/2/2006,19.0,Alberta,Female,1.0,,1.0,1.0,1.0,1.0,0.0,0.0,7.0,"Smartphone, Laptop, Tablet",,Disagree,Disagree,Neutral,
3/11/2026 10:00:00,Lucas Brown,lucas.brown@gmail.com,12/6/2003,22.0,ON,Female,4.0,Biolgy,1.0,1.0,1.0,1.0,0.0,0.0,8.0,"Smartphone, Desktop computer, Tablet, Gaming console",Agree,Disagree,Disagree,,"Staying in touch with friends / family, Academic or professional networking, Staying informed about news/events, Self-expression / creativity"
3/10/2026 19:00:00,Lucas Lee,,2/18/2009,17.0,British Columbia,Female,1.0,CompSci,0.0,1.0,1.0,1.0,0.0,0.0,7.0,"Smartphone, Tablet, Smart TV",Agree,Disagree,Neutral,Neutral,"Staying in touch with friends / family, Staying informed about news/events, Self-expression / creativity"
1/1/2026 14:50:00,Diego Thomas,diego.thomas@proton.me,7/26/2005,,british columbia,Male,4.0,Computer Science,1.0,1.0,1.0,1.0,0.0,0.0,7.0,"Smartphone, Laptop, Desktop computer",Neutral,Disagree,Strongly disagree,Agree,"Entertainment / passing time, Self-expression / creativity"
3/15/2026 14:00:00,Diego Patel,diego.patel@ontariotechu.ca,3/19/2005,21.0,B.C.,Female,1.0,Chemistry,1.0,1.0,1.0,1.0,0.0,0.0,8.0,"Smartphone, Laptop, Desktop computer",Disagree,Strongly disagree,,Agree,"Staying in touch with friends / family, Entertainment / passing time, Academic or professional networking, Self-expression / creativity"
3/7/2026 15:00:00,Arjun Young,,9/23/2007,18.0,ON,Male,2.0,chem,1.0,1.0,1.0,1.0,0.0,0.0,8.0,"Smartphone, Gaming console",Strong agree,Disagree,Disagree,Neutral,"Staying in touch with friends / family, Entertainment / passing time, Staying informed about news/events, Self-expression / creativity"
3/11/2026 10:00:00,Yuki White,yuki.white@yahoo.com,8/9/2006,19.0,BC,Female,1.0,psychology,1.0,2.0,2.0,2.0,,0.0,6.0,"Smartphone, Laptop, Desktop computer, Tablet",Agree,Disagree,Neutral,Agree,"Staying in touch with friends / family, Self-expression / creativity"
3/6/2026 09:00:00,Arjun Thomas,arjun.thomas@yahoo.com,2/22/2002,24.0,NS,Female,1.0,Biolgy,1.0,2.0,1.0,2.0,0.0,0.0,6.0,"Laptop, Tablet",Agree,Disagree,Disagree,Neutral,"Entertainment / passing time, Academic or professional networking, Staying informed about news/events, Self-expression / creativity"
3/5/2026 20:00:00,Diego Harris,,8/22/2002,23.0,BC,Male,1.0,psychology,0.0,0.0,0.0,1.0,0.0,0.0,9.0,"Smartphone, Tablet",Agree,Strongly disagree,Disagree,Agree,Self-expression / creativity
3/9/2026 15:00:00,Hana Chen,hana.chen@yorku.ca,4/16/2003,22.0,Ontario,Male,2.0,Visual Art,1.0,2.0,1.0,1.0,0.0,0.0,6.0,Smartphone,Neutral,Disagree,Disagree,Agree,"Entertainment / passing time, Academic or professional networking, Staying informed about news/events"
3/18/2026 19:00:00,Noah Lopez,noah.lopez@torontomu.ca,1/1/2007,,British Columbia,Male,4.0,CompSci,1.0,1.0,1.0,1.0,0.0,0.0,7.0,"Smartphone, Laptop, Tablet",Agree,Strongly disagree,Disagree,Agree,"Staying in touch with friends / family, Self-expression / creativity"
3/15/2026 08:00:00,Oscar Nguyen,oscar.nguyen@hotmail.com,7/2/1998,27.0,Alta,Female,3.0,Physics,1.0,1.0,1.0,1.0,0.0,0.0,8.0,Tablet,Agree,Disagree,Disagree,Agree,"Staying in touch with friends / family, Entertainment / passing time"
3/6/2026 17:00:00,Lucas Singh,,10/9/2009,16.0,british columbia,Female,3.0,Engineering,1.0,2.0,1.0,3.0,0.0,0.0,6.0,"Laptop, Tablet, Gaming console",Agree,Agree,Neutral,Neutral,Staying informed about news/events
3/9/2026 10:00:00,Arjun Chen,arjun.chen@proton.me,6/16/2002,23.0,Ontario,Female,2.0,Computer Science,0.0,1.0,0.0,1.0,0.0,0.0,8.0,"Smartphone, Laptop, Tablet",Neutral,Disagree,Disagree,Agree,"Entertainment / passing time, Academic or professional networking, Staying informed about news/events"
3/19/2026 14:00:00,Priya Smith,,11/6/2005,20.0,Alta,Male,3.0,Biology,1.0,2.0,1.0,1.0,0.0,0.0,6.0,"Smartphone, Laptop",Neutral,Neutral,Neutral,Agree,"Entertainment / passing time, Academic or professional networking, Staying informed about news/events"
1/1/2026 15:02:00,Ravi Smith,ravi.smith@icloud.com,4/28/2001,24.0,ON,Non-binary,,econ,1.0,2.0,1.0,1.0,0.0,0.0,6.0,"Smartphone, Desktop computer",Agree,Neutral,Neutral,Strong agree,"Staying in touch with friends / family, Entertainment / passing time, Academic or professional networking"
3/12/2026 18:00:00,Zara Singh,zara.singh@proton.me,9/10/2001,24.0,B.C.,Male,3.0,Statistics,1.0,2.0,1.0,,0.0,0.0,8.0,Smartphone,Agree,Disagree,Neutral,Neutral,"Staying in touch with friends / family, Academic or professional networking, Self-expression / creativity"
3/15/2026 14:00:00,Oscar Wilson,oscar.wilson@yahoo.com,5/7/2005,20.0,British Columbia,Female,2.0,Engineering,0.0,1.0,1.0,1.0,0.0,0.0,8.0,"Smartphone, Laptop, Desktop computer",Agree,Disagree,Disagree,Agree,"Staying in touch with friends / family, Entertainment / passing time, Academic or professional networking, Staying informed about news/events"
3/8/2026 19:00:00,Ravi Brown,ravi.brown@icloud.com,7/7/2007,18.0,B.C.,Female,1.0,biology,1.0,2.0,1.0,1.0,0.0,0.0,7.0,Smartphone,Agree,Disagree,Neutral,Agree,"Staying in touch with friends / family, Entertainment / passing time, Academic or professional networking, Staying informed about news/events, Self-expression / creativity"
3/14/2026 13:00:00,Aisha Singh,aisha.singh@viu.ca,6/3/2006,19.0,Ontario,Female,3.0,stats,1.0,2.0,1.0,2.0,0.0,0.0,7.0,Laptop,Agree,Neutral,Neutral,Agree,"Staying in touch with friends / family, Entertainment / passing time, Academic or professional networking, Staying informed about news/events, Self-expression / creativity"
3/3/2026 15:00:00,Ravi Lopez,ravi.lopez@yahoo.com,11/22/2006,19.0,British Columbia,Non-binary,4.0,stats,0.0,1.0,1.0,1.0,0.0,0.0,8.0,Smartphone,Strong agree,Disagree,,Neutral,"Entertainment / passing time, Academic or professional networking, Staying informed about news/events, Self-expression / creativity"
3/7/2026 08:00:00,Mia Khan,mia.khan@gmail.com,7/9/2009,16.0,QC,Male,2.0,stats,1.0,2.0,1.0,1.0,0.0,0.0,7.0,"Smartphone, Laptop",Strong agree,Disagree,,Neutral,"Entertainment / passing time, Academic or professional networking"
3/18/2026 12:00:00,Amir Smith,amir.smith@outlook.com,11/8/2004,21.0,British Columbia,,2.0,Economics,1.0,1.0,1.0,1.0,0.0,0.0,8.0,Smartphone,Strong agree,Disagree,Disagree,Neutral,"Entertainment / passing time, Staying informed about news/events, Self-expression / creativity"
3/2/2026 18:00:00,Oscar Anderson,oscar.anderson@icloud.com,3/15/2005,21.0,British Columbia,Female,3.0,psycology,1.0,1.0,1.0,1.0,0.0,0.0,7.0,"Smartphone, Laptop, Tablet, Gaming console",Neutral,Disagree,Disagree,Neutral,"Entertainment / passing time, Staying informed about news/events"
3/8/2026 08:00:00,Zara Garcia,zara.garcia@hotmail.com,,18.0,BC,Male,1.0,psycology,1.0,2.0,1.0,2.0,0.0,,6.0,Laptop,Agree,Disagree,Neutral,Agree,"Staying in touch with friends / family, Entertainment / passing time, Academic or professional networking, Staying informed about news/events"
3/17/2026 19:00:00,Hana Clark,hana.clark@yahoo.com,7/21/2008,17.0,NS,Female,1.0,chem,0.0,1.0,1.0,1.0,0.0,0.0,7.0,,Neutral,Disagree,Strongly disagree,Agree,"Entertainment / passing time, Staying informed about news/events, Self-expression / creativity"
3/16/2026 08:00:00,Lucas Dubois,,9/22/2003,22.0,british columbia,Male,2.0,CompSci,1.0,1.0,1.0,1.0,0.0,0.0,7.0,Smartphone,Agree,Disagree,Disagree,Strong agree,Entertainment / passing time
3/3/2026 08:00:00,Arjun Roy,arjun.roy@uottawa.ca,5/13/2002,23.0,BC,Female,3.0,enginering,1.0,1.0,1.0,1.0,0.0,0.0,7.0,"Smartphone, Tablet",Disagree,Neutral,Disagree,Neutral,"Entertainment / passing time, Academic or professional networking, Self-expression / creativity"
3/9/2026 18:00:00,Ethan Thomas,ethan.thomas@ualberta.ca,10/25/2004,21.0,BC,Female,4.0,Engineering,0.0,1.0,1.0,1.0,0.0,0.0,8.0,"Smartphone, Laptop",Agree,Disagree,Disagree,Neutral,"Entertainment / passing time, Self-expression / creativity"
3/13/2026 15:00:00,Sofia Lopez,sofia.lopez@hotmail.com,3/8/2007,19.0,Quebec,Male,3.0,Creative Writing,1.0,2.0,1.0,2.0,0.0,0.0,7.0,"Laptop, Tablet, Gaming console",Neutral,Neutral,Neutral,Neutral,"Staying in touch with friends / family, Staying informed about news/events"
3/2/2026 11:00:00,Ava Dubois,ava.dubois@mcgill.ca,11/24/2006,19.0,british columbia,Male,1.0,Psychology,1.0,2.0,1.0,3.0,0.0,0.0,6.0,"Smartphone, Desktop computer",Neutral,Disagree,Neutral,Agree,"Staying in touch with friends / family, Entertainment / passing time, Staying informed about news/events"
3/8/2026 13:00:00,Amir Martin,amir.martin@yahoo.com,11/9/2008,17.0,ON,Female,1.0,Chemistry,1.0,2.0,1.0,1.0,0.0,0.0,7.0,"Smartphone, Tablet",Neutral,Neutral,Disagree,Agree,"Staying in touch with friends / family, Staying informed about news/events, Self-expression / creativity"
1/1/2026 15:19:00,Fatima Lewis,fatima.lewis@outlook.com,9/17/2006,19.0,B.C.,Male,2.0,engineering,1.0,2.0,1.0,1.0,0.0,0.0,7.0,"Smartphone, Tablet",Strong agree,Disagree,Neutral,Agree,"Entertainment / passing time, Self-expression / creativity"
3/15/2026 20:00:00,Zara Harris,zara.harris@outlook.com,8/13/2004,21.0,british columbia,Female,2.0,,0.0,1.0,0.0,0.0,0.0,0.0,9.0,Laptop,Agree,Strongly disagree,Strongly disagree,Agree,"Academic or professional networking, Staying informed about news/events, Self-expression / creativity"
3/9/2026 19:00:00,Kai White,kai.white@icloud.com,9/19/2008,17.0,BC,Female,1.0,econ,1.0,2.0,1.0,1.0,0.0,0.0,7.0,"Smartphone, Laptop",Agree,Neutral,Disagree,Agree,"Staying in touch with friends / family, Entertainment / passing time, Academic or professional networking, Staying informed about news/events, Self-expression / creativity"
3/11/2026 16:00:00,Mateo Garcia,mateo.garcia@icloud.com,7/2/2006,19.0,Alberta,,2.0,Computer Science,1.0,2.0,1.0,3.0,0.0,0.0,5.0,"Smartphone, Tablet, Gaming console",Agree,Neutral,Neutral,Agree,"Academic or professional networking, Self-expression / creativity"
3/7/2026 19:00:00,Sofia White,sofia.white@umontreal.ca,1/21/2007,19.0,ON,Male,3.0,Chemistry,1.0,1.0,1.0,1.0,0.0,0.0,7.0,Tablet,Agree,,Disagree,Agree,"Entertainment / passing time, Academic or professional networking"
3/15/2026 14:00:00,Amir Patel,amir.patel@umontreal.ca,9/17/2005,,british columbia,Male,3.0,chem,1.0,2.0,1.0,1.0,0.0,0.0,6.0,Smartphone,Agree,Disagree,Neutral,Agree,"Staying in touch with friends / family, Staying informed about news/events, Self-expression / creativity"
3/16/2026 11:00:00,Mei Ali,mei.ali@hotmail.com,12/5/2009,16.0,british columbia,Female,4.0,Visual Art,1.0,2.0,1.0,3.0,0.0,0.0,5.0,Smartphone,Neutral,Disagree,Neutral,Agree,"Staying in touch with friends / family, Entertainment / passing time, Staying informed about news/events, Self-expression / creativity"
3/19/2026 13:00:00,Yuki Dubois,yuki.dubois@mun.ca,,,Ontario,Male,4.0,Economics,1.0,2.0,1.0,2.0,0.0,0.0,7.0,"Smartphone, Desktop computer",Neutral,Neutral,Disagree,Neutral,"Staying in touch with friends / family, Entertainment / passing time, Academic or professional networking, Self-expression / creativity"
3/4/2026 18:00:00,Nina Wilson,nina.wilson@hotmail.com,3/7/2004,22.0,British Columbia,Male,1.0,Visual Art,1.0,2.0,2.0,3.0,0.0,0.0,7.0,"Smartphone, Laptop, Gaming console",Neutral,Neutral,Disagree,,"Staying in touch with friends / family, Entertainment / passing time, Academic or professional networking, Self-expression / creativity"
3/12/2026 09:00:00,Mateo Jackson,mateo.jackson@icloud.com,1/25/1999,27.0,B.C.,Male,1.0,biology,0.0,,0.0,1.0,0.0,0.0,8.0,"Desktop computer, Tablet",Strong agree,Disagree,Disagree,Agree,"Entertainment / passing time, Staying informed about news/events, Self-expression / creativity"
3/18/2026 12:00:00,Zara Ali,,5/19/2006,19.0,Quebec,Male,1.0,Creative Writing,1.0,1.0,1.0,1.0,0.0,0.0,8.0,"Smartphone, Laptop, Gaming console",Strong agree,Disagree,Disagree,Neutral,Staying informed about news/events
3/1/2026 13:00:00,Arjun Singh,arjun.singh@yahoo.com,2/7/2005,21.0,QC,Male,3.0,Chemistry,1.0,2.0,1.0,2.0,0.0,0.0,6.0,"Smartphone, Gaming console",Neutral,Neutral,Disagree,Neutral,"Staying in touch with friends / family, Academic or professional networking, Self-expression / creativity"
3/19/2026 15:00:00,Emma Hernandez,emma.hernandez@umontreal.ca,5/30/2007,18.0,ontario,Male,1.0,Computer Science,1.0,1.0,1.0,1.0,0.0,0.0,8.0,Smartphone,,,Disagree,Agree,"Staying in touch with friends / family, Entertainment / passing time, Academic or professional networking, Staying informed about news/events"
3/11/2026 08:00:00,Zara Khan,zara.khan@icloud.com,11/12/2004,,NS,Male,3.0,stats,0.0,1.0,0.0,1.0,0.0,0.0,9.0,Desktop computer,Neutral,Disagree,Disagree,Agree,"Staying in touch with friends / family, Entertainment / passing time, Academic or professional networking"
3/8/2026 08:00:00,Priya Nguyen,priya.nguyen@outlook.com,2/1/1999,27.0,Alberta,Male,,Economics,1.0,2.0,1.0,1.0,0.0,0.0,6.0,"Desktop computer, Tablet",Neutral,Disagree,Disagree,Neutral,"Entertainment / passing time, Academic or professional networking, Staying informed about news/events, Self-expression / creativity"
3/8/2026 17:00:00,Mei Jackson,mei.jackson@gmail.com,5/22/2008,,ON,Female,1.0,econ,1.0,2.0,1.0,1.0,0.0,0.0,7.0,Smartphone,Agree,Neutral,Disagree,Neutral,"Staying in touch with friends / family, Entertainment / passing time, Academic or professional networking, Staying informed about news/events, Self-expression / creativity"
3/16/2026 18:00:00,Lucas White,lucas.white@gmail.com,12/15/2006,19.0,BC,Female,3.0,psychology,0.0,1.0,0.0,0.0,0.0,0.0,8.0,"Smartphone, Tablet",Strong agree,Strongly disagree,Strongly disagree,Neutral,"Staying in touch with friends / family, Entertainment / passing time, Academic or professional networking, Staying informed about news/events, Self-expression / creativity"
3/4/2026 11:00:00,Diego Young,diego.young@icloud.com,12/4/2004,21.0,british columbia,Female,4.0,enginering,1.0,1.0,1.0,1.0,0.0,0.0,7.0,"Smartphone, Desktop computer",Agree,Disagree,Strongly disagree,Agree,"Staying in touch with friends / family, Entertainment / passing time, Academic or professional networking, Self-expression / creativity"
1/1/2026 15:37:00,Nina White,nina.white@wilfridlaurier.ca,6/2/2001,24.0,,Male,1.0,engineering,1.0,2.0,1.0,1.0,0.0,0.0,7.0,"Smartphone, Tablet",Agree,Neutral,Strongly disagree,Agree,"Academic or professional networking, Self-expression / creativity"
3/14/2026 08:00:00,Ava Jackson,ava.jackson@icloud.com,2/16/2009,17.0,BC,Male,1.0,comp sci,1.0,1.0,1.0,1.0,0.0,0.0,7.0,"Smartphone, Laptop, Desktop computer, Gaming console",Agree,Disagree,Strongly disagree,Agree,"Entertainment / passing time, Academic or professional networking"
3/10/2026 16:00:00,Nina Taylor,nina.taylor@outlook.com,2/7/2005,21.0,british columbia,Male,4.0,Statistics,1.0,1.0,1.0,1.0,0.0,0.0,7.0,"Tablet, Smart TV",Agree,Disagree,Disagree,Agree,"Staying in touch with friends / family, Entertainment / passing time, Academic or professional networking, Self-expression / creativity"
3/19/2026 15:00:00,Emma Smith,emma.smith@icloud.com,3/6/2004,22.0,,Female,4.0,Biolgy,0.0,1.0,1.0,1.0,0.0,0.0,8.0,"Smartphone, Laptop, Desktop computer",Agree,Strongly disagree,Disagree,Neutral,"Staying in touch with friends / family, Staying informed about news/events, Self-expression / creativity"
3/2/2026 14:00:00,Amir Brown,amir.brown@gmail.com,10/30/2007,18.0,ON,Male,1.0,Statistics,,2.0,1.0,1.0,0.0,0.0,8.0,"Smartphone, Tablet, Gaming console",Strong agree,Disagree,Neutral,Neutral,"Staying in touch with friends / family, Entertainment / passing time, Academic or professional networking, Staying informed about news/events, Self-expression / creativity"
3/5/2026 10:00:00,Emma Wilson,emma.wilson@icloud.com,10/1/2007,,British Columbia,Female,3.0,Visual Art,1.0,2.0,1.0,1.0,0.0,0.0,7.0,"Smartphone, Laptop",Neutral,Neutral,Neutral,Neutral,"Staying in touch with friends / family, Entertainment / passing time, Academic or professional networking, Staying informed about news/events"
3/13/2026 19:00:00,Jamal Thomas,,4/29/2000,25.0,British Columbia,Male,3.0,Biology,1.0,1.0,1.0,1.0,0.0,0.0,8.0,"Laptop, Desktop computer, Tablet, Gaming console",Agree,Disagree,Neutral,Agree,
3/12/2026 13:00:00,Hana Young,hana.young@gmail.com,1/10/2005,21.0,Quebec,Female,2.0,Psychology,1.0,1.0,1.0,1.0,0.0,0.0,7.0,Smartphone,Neutral,Neutral,Disagree,Strong agree,Academic or professional networking
3/17/2026 09:00:00,Nina Hernandez,nina.hernandez@hotmail.com,4/24/2006,19.0,British Columbia,Male,2.0,Economics,1.0,1.0,1.0,1.0,0.0,0.0,7.0,"Smartphone, Desktop computer",Neutral,Disagree,Disagree,Agree,"Staying in touch with friends / family, Entertainment / passing time, Academic or professional networking, Self-expression / creativity"
3/16/2026 13:00:00,Diego Lee,diego.lee@sfu.ca,10/12/2005,20.0,BC,Male,4.0,biology,1.0,1.0,1.0,1.0,0.0,0.0,8.0,"Smartphone, Laptop",Agree,Disagree,Disagree,,"Staying in touch with friends / family, Entertainment / passing time, Academic or professional networking, Staying informed about news/events, Self-expression / creativity"
3/15/2026 16:00:00,Arjun Nguyen,arjun.nguyen@mcgill.ca,5/25/2009,16.0,ontario,Female,2.0,Psychology,1.0,1.0,1.0,1.0,0.0,0.0,8.0,"Smartphone, Desktop computer",Agree,Disagree,Disagree,Neutral,"Entertainment / passing time, Self-expression / creativity"
3/6/2026 11:00:00,Leo Lewis,leo.lewis@hotmail.com,11/8/2008,17.0,ontario,Male,1.0,econ,1.0,2.0,1.0,1.0,0.0,0.0,6.0,"Smartphone, Laptop, Smart TV",,Disagree,Disagree,Agree,"Entertainment / passing time, Staying informed about news/events"
3/10/2026 14:00:00,Hana Nguyen,hana.nguyen@icloud.com,5/8/2006,19.0,B.C.,Female,3.0,Statistics,0.0,1.0,1.0,1.0,0.0,0.0,7.0,Smartphone,Agree,Disagree,Strongly disagree,Agree,"Entertainment / passing time, Academic or professional networking, Staying informed about news/events, Self-expression / creativity"
3/2/2026 19:00:00,Hana Clark,hana.clark@gmail.com,9/20/2007,18.0,BC,Male,1.0,econ,1.0,2.0,1.0,3.0,0.0,0.0,5.0,Desktop computer,Neutral,Neutral,Neutral,Agree,"Staying in touch with friends / family, Academic or professional networking"
1/1/2026 15:51:00,Mia Wilson,mia.wilson@icloud.com,8/3/2002,23.0,british columbia,Male,2.0,Physics,1.0,2.0,1.0,2.0,0.0,0.0,6.0,"Smartphone, Laptop",Disagree,Disagree,Neutral,Agree,"Staying in touch with friends / family, Academic or professional networking, Self-expression / creativity"
3/2/2026 19:00:00,Amir Gonzalez,amir.gonzalez@gmail.com,,18.0,BC,Male,1.0,econ,1.0,2.0,1.0,3.0,0.0,0.0,5.0,Desktop computer,Neutral,Neutral,Neutral,Agree,"Staying in touch with friends / family, Academic or professional networking"
3/6/2026 18:00:00,Leo Hernandez,leo.hernandez@icloud.com,,24.0,Ontario,Male,1.0,Biology,1.0,1.0,1.0,1.0,0.0,0.0,8.0,"Smartphone, Laptop, Tablet",Neutral,Disagree,Disagree,Strong agree,"Staying in touch with friends / family, Entertainment / passing time, Academic or professional networking"
3/17/2026 11:00:00,Isabella Dubois,isabella.dubois@yahoo.com,8/14/2007,18.0,BC,Female,4.0,Engineering,1.0,2.0,1.0,2.0,0.0,0.0,7.0,"Laptop, Tablet, Gaming console",Neutral,Neutral,,Neutral,
3/10/2026 11:00:00,Arjun Brown,arjun.brown@hotmail.com,1/1/2004,22.0,BC,Prefer not to say,2.0,Psychology,1.0,3.0,2.0,2.0,1.0,0.0,4.0,"Smartphone, Desktop computer",Neutral,Neutral,Neutral,Neutral,"Academic or professional networking, Staying informed about news/events, Self-expression / creativity"
3/9/2026 11:00:00,Mia Hernandez,,12/9/2002,23.0,AB,Female,3.0,Psychology,1.0,1.0,1.0,1.0,0.0,0.0,,"Smartphone, Laptop, Desktop computer, Smart TV",Agree,Disagree,Disagree,Neutral,"Staying in touch with friends / family, Entertainment / passing time, Academic or professional networking, Self-expression / creativity"
3/2/2026 12:00:00,Diego Patel,diego.patel@hotmail.com,12/16/2006,19.0,Alberta,Male,4.0,,0.0,1.0,0.0,0.0,0.0,0.0,7.0,"Smartphone, Gaming console",Agree,Strongly disagree,Disagree,Neutral,Self-expression / creativity
3/7/2026 18:00:00,Yuki Jackson,yuki.jackson@icloud.com,11/28/2007,18.0,ontario,Female,3.0,Visual Art,1.0,2.0,1.0,2.0,0.0,0.0,6.0,"Laptop, Smart TV",Neutral,Neutral,Neutral,Neutral,"Entertainment / passing time, Academic or professional networking, Staying informed about news/events"
3/18/2026 08:00:00,Oscar Anderson,oscar.anderson@mun.ca,2/7/2006,20.0,,Male,1.0,CompSci,1.0,2.0,1.0,1.0,0.0,0.0,7.0,,Agree,Neutral,,Agree,"Staying in touch with friends / family, Entertainment / passing time, Academic or professional networking, Staying informed about news/events, Self-expression / creativity"
3/14/2026 15:00:00,Zara Clark,zara.clark@proton.me,10/6/2003,22.0,BC,Male,1.0,biology,1.0,1.0,1.0,1.0,0.0,0.0,8.0,"Smartphone, Laptop, Desktop computer",Neutral,Disagree,Neutral,Agree,"Staying in touch with friends / family, Entertainment / passing time, Staying informed about news/events, Self-expression / creativity"
3/17/2026 11:00:00,Ava Singh,ava.singh@hotmail.com,10/2/1998,27.0,British Columbia,Male,1.0,Engineering,1.0,1.0,1.0,1.0,0.0,0.0,7.0,"Smartphone, Laptop, Gaming console",Agree,Disagree,Disagree,Neutral,"Staying in touch with friends / family, Entertainment / passing time"
3/14/2026 19:00:00,Mia Clark,mia.clark@carleton.ca,2/7/2005,21.0,B.C.,Male,2.0,Biology,1.0,2.0,1.0,2.0,0.0,0.0,7.0,Smartphone,Neutral,Disagree,Disagree,,"Entertainment / passing time, Academic or professional networking, Staying informed about news/events, Self-expression / creativity"
3/13/2026 12:00:00,Amir Moore,amir.moore@icloud.com,10/12/1998,27.0,British Columbia,Male,2.0,econ,1.0,2.0,1.0,1.0,0.0,0.0,7.0,"Laptop, Desktop computer",Neutral,Disagree,Disagree,Neutral,"Staying in touch with friends / family, Entertainment / passing time, Academic or professional networking"
3/1/2026 18:00:00,Lucas Wilson,lucas.wilson@hotmail.com,3/24/2001,24.0,british columbia,Female,2.0,Computer Science,1.0,2.0,1.0,1.0,0.0,0.0,6.0,,Agree,,Disagree,Neutral,"Academic or professional networking, Staying informed about news/events"
3/12/2026 15:00:00,Yuki Brown,yuki.brown@outlook.com,,,B.C.,Male,2.0,Computer Science,1.0,2.0,1.0,2.0,0.0,0.0,6.0,Desktop computer,Agree,Disagree,Neutral,Agree,"Staying in touch with friends / family, Entertainment / passing time, Academic or professional networking, Staying informed about news/events, Self-expression / creativity"
3/17/2026 13:00:00,Jamal Wilson,,2/22/2000,26.0,QC,Female,3.0,comp sci,1.0,1.0,1.0,1.0,0.0,0.0,8.0,"Smartphone, Gaming console",Neutral,Disagree,Disagree,Agree,"Entertainment / passing time, Staying informed about news/events, Self-expression / creativity"
3/19/2026 13:00:00,Elena Khan,elena.khan@torontomu.ca,8/15/2007,18.0,British Columbia,Female,1.0,stats,1.0,2.0,1.0,2.0,0.0,0.0,6.0,"Smartphone, Laptop",Neutral,Disagree,Neutral,,Self-expression / creativity
3/15/2026 12:00:00,Kai Lopez,kai.lopez@icloud.com,6/25/2006,19.0,BC,Female,3.0,comp sci,1.0,2.0,1.0,2.0,0.0,0.0,6.0,"Smartphone, Laptop, Tablet",Agree,Disagree,Neutral,,Academic or professional networking
3/2/2026 18:00:00,Chloe Garcia,chloe.garcia@icloud.com,1/3/2007,19.0,NS,Female,3.0,engineering,1.0,1.0,1.0,1.0,0.0,0.0,8.0,"Smartphone, Smart TV",Agree,Strongly disagree,Disagree,Agree,"Entertainment / passing time, Academic or professional networking, Staying informed about news/events"
3/11/2026 19:00:00,Leo Smith,,4/25/2007,18.0,B.C.,Prefer not to say,3.0,Psychology,1.0,1.0,1.0,1.0,0.0,0.0,7.0,"Smartphone, Smart TV",Agree,Disagree,Disagree,Neutral,"Staying in touch with friends / family, Entertainment / passing time, Staying informed about news/events, Self-expression / creativity"
3/13/2026 14:00:00,Fatima Clark,fatima.clark@outlook.com,12/9/2005,20.0,B.C.,Male,4.0,CompSci,1.0,2.0,1.0,1.0,0.0,0.0,6.0,Smartphone,,Neutral,Neutral,Strong agree,Staying in touch with friends / family
3/6/2026 12:00:00,Noah Lopez,noah.lopez@hotmail.com,10/20/2005,20.0,Nova Scotia,Female,,econ,1.0,2.0,1.0,1.0,0.0,0.0,6.0,Smartphone,Neutral,Disagree,Disagree,Neutral,"Staying in touch with friends / family, Academic or professional networking, Staying informed about news/events, Self-expression / creativity"
3/3/2026 16:00:00,Noor Lopez,noor.lopez@yahoo.com,9/10/1999,,british columbia,Female,3.0,CompSci,0.0,1.0,1.0,1.0,0.0,0.0,7.0,Tablet,Agree,Disagree,Strongly disagree,Agree,"Staying in touch with friends / family, Entertainment / passing time, Academic or professional networking, Staying informed about news/events, Self-expression / creativity"
3/3/2026 10:00:00,Noor Wilson,noor.wilson@ontariotechu.ca,7/22/2006,19.0,British Columbia,Male,2.0,Biolgy,1.0,2.0,1.0,1.0,0.0,0.0,7.0,"Laptop, Desktop computer",Disagree,Disagree,Disagree,Agree,"Staying in touch with friends / family, Entertainment / passing time, Academic or professional networking, Self-expression / creativity"
3/6/2026 16:00:00,Isabella Lee,isabella.lee@icloud.com,10/17/2009,16.0,Ontario,Male,2.0,psychology,1.0,2.0,1.0,3.0,0.0,0.0,5.0,"Smartphone, Gaming console",Neutral,Neutral,Disagree,,"Academic or professional networking, Staying informed about news/events, Self-expression / creativity"
3/10/2026 11:00:00,Mei Brown,mei.brown@hotmail.com,5/25/2004,21.0,british columbia,Female,4.0,chem,2.0,3.0,,3.0,1.0,0.0,5.0,"Smartphone, Laptop, Gaming console",Agree,Agree,Agree,Neutral,"Staying in touch with friends / family, Entertainment / passing time, Academic or professional networking, Staying informed about news/events"
3/12/2026 10:00:00,Amir Moore,amir.moore@uregina.ca,10/8/2009,16.0,B.C.,Male,,Chemistry,1.0,2.0,1.0,1.0,0.0,0.0,7.0,"Smartphone, Laptop",Neutral,Neutral,Disagree,Agree,"Staying in touch with friends / family, Staying informed about news/events, Self-expression / creativity"
3/18/2026 20:00:00,Yuki White,yuki.white@proton.me,9/20/2008,17.0,british columbia,Female,1.0,,1.0,1.0,1.0,1.0,0.0,0.0,8.0,"Smartphone, Laptop",Neutral,Neutral,Disagree,Agree,"Staying in touch with friends / family, Academic or professional networking, Staying informed about news/events"
3/12/2026 09:00:00,Jamal Moore,jamal.moore@dal.ca,3/12/2004,22.0,Ontario,Non-binary,3.0,psychology,1.0,2.0,1.0,1.0,0.0,0.0,7.0,"Smartphone, Laptop, Tablet",Neutral,Neutral,Neutral,Agree,"Staying in touch with friends / family, Academic or professional networking, Self-expression / creativity"
3/12/2026 19:00:00,Mia Singh,mia.singh@concordia.ca,,17.0,BC,Male,1.0,Statistics,1.0,2.0,2.0,2.0,0.0,0.0,6.0,,Neutral,Neutral,Neutral,Neutral,"Staying in touch with friends / family, Entertainment / passing time, Academic or professional networking, Staying informed about news/events, Self-expression / creativity"
3/12/2026 10:00:00,Noah Chen,noah.chen@yahoo.com,8/5/2003,22.0,british columbia,Male,2.0,Statistics,0.0,1.0,1.0,1.0,0.0,0.0,7.0,"Laptop, Tablet",Strong agree,Strongly disagree,Disagree,Agree,Entertainment / passing time
3/11/2026 16:00:00,Aisha Lopez,aisha.lopez@yorku.ca,7/7/2007,18.0,BC,Non-binary,2.0,stats,0.0,1.0,1.0,1.0,0.0,0.0,8.0,Smartphone,Agree,Disagree,Strongly disagree,,Entertainment / passing time
3/2/2026 16:00:00,Ravi Khan,ravi.khan@icloud.com,4/8/2007,18.0,british columbia,Female,1.0,Biology,1.0,2.0,1.0,2.0,0.0,0.0,7.0,Laptop,Neutral,Neutral,Disagree,Neutral,"Staying in touch with friends / family, Entertainment / passing time, Staying informed about news/events, Self-expression / creativity"
3/19/2026 11:00:00,Sofia Singh,sofia.singh@gmail.com,9/29/2004,21.0,British Columbia,Female,1.0,Psychology,1.0,2.0,1.0,3.0,0.0,0.0,6.0,"Smartphone, Laptop, Gaming console",Neutral,Disagree,Neutral,Agree,"Staying informed about news/events, Self-expression / creativity"
3/4/2026 11:00:00,Zara White,zara.white@outlook.com,5/21/2000,,British Columbia,Female,3.0,stats,1.0,1.0,1.0,1.0,0.0,0.0,8.0,"Smartphone, Laptop",Agree,Disagree,Disagree,Agree,"Staying in touch with friends / family, Entertainment / passing time, Academic or professional networking, Staying informed about news/events, Self-expression / creativity"
3/17/2026 09:00:00,Lucas Lewis,lucas.lewis@concordia.ca,2/17/2009,17.0,British Columbia,Male,1.0,psycology,1.0,3.0,2.0,2.0,1.0,0.0,5.0,"Smartphone, Laptop",Neutral,,Neutral,Neutral,"Academic or professional networking, Staying informed about news/events, Self-expression / creativity"
3/5/2026 17:00:00,Isabella Singh,isabella.singh@yahoo.com,9/4/2007,18.0,B.C.,Male,2.0,Engineering,1.0,2.0,1.0,2.0,0.0,0.0,7.0,"Laptop, Gaming console",Agree,Disagree,Neutral,Agree,"Staying in touch with friends / family, Academic or professional networking"
3/16/2026 16:00:00,Olivia Anderson,olivia.anderson@uwo.ca,,23.0,ontario,Male,2.0,CompSci,1.0,3.0,2.0,2.0,1.0,0.0,5.0,Tablet,Disagree,Agree,Neutral,Agree,"Academic or professional networking, Self-expression / creativity"
3/5/2026 08:00:00,Mei Dubois,mei.dubois@proton.me,4/23/2007,18.0,B.C.,Male,2.0,CompSci,1.0,2.0,1.0,1.0,0.0,0.0,6.0,"Smartphone, Laptop",Agree,Disagree,Neutral,Agree,"Staying in touch with friends / family, Entertainment / passing time, Staying informed about news/events"
3/6/2026 16:00:00,Lucas Hernandez,lucas.hernandez@gmail.com,1/26/2005,21.0,Manitoba,Male,2.0,Economics,1.0,3.0,2.0,2.0,1.0,0.0,5.0,"Laptop, Desktop computer",Neutral,Neutral,Agree,Neutral,"Staying in touch with friends / family, Entertainment / passing time, Academic or professional networking, Self-expression / creativity"
3/10/2026 18:00:00,Elena Lee,elena.lee@yahoo.com,10/5/2008,17.0,Ontario,Female,1.0,Chemistry,0.0,1.0,1.0,1.0,0.0,0.0,7.0,Smartphone,Neutral,Neutral,Disagree,Neutral,"Entertainment / passing time, Academic or professional networking, Self-expression / creativity"
3/2/2026 11:00:00,Priya Dubois,priya.dubois@ontariotechu.ca,,,ON,Non-binary,1.0,enginering,1.0,1.0,1.0,1.0,0.0,0.0,7.0,Laptop,Neutral,Disagree,Disagree,Strong agree,"Staying in touch with friends / family, Staying informed about news/events, Self-expression / creativity"
3/2/2026 10:00:00,Diego Khan,diego.khan@proton.me,,22.0,B.C.,Female,2.0,stats,0.0,1.0,1.0,1.0,0.0,0.0,7.0,Smartphone,Agree,Strongly disagree,Disagree,Agree,"Staying in touch with friends / family, Entertainment / passing time, Self-expression / creativity"
3/17/2026 16:00:00,Fatima Gonzalez,fatima.gonzalez@yahoo.com,5/19/2004,21.0,BC,Female,3.0,comp sci,1.0,1.0,1.0,1.0,0.0,0.0,8.0,"Smartphone, Laptop",Agree,Disagree,Disagree,Neutral,"Academic or professional networking, Staying informed about news/events, Self-expression / creativity"
3/4/2026 17:00:00,Ethan Dubois,ethan.dubois@lakeheadu.ca,4/3/2001,24.0,ontario,Female,1.0,,1.0,2.0,1.0,1.0,0.0,0.0,7.0,Smartphone,Strong agree,Disagree,Disagree,Agree,Academic or professional networking
3/12/2026 14:00:00,Diego Chen,diego.chen@proton.me,1/31/2001,25.0,Alta,Male,3.0,Chemistry,1.0,2.0,1.0,1.0,0.0,0.0,7.0,"Desktop computer, Gaming console",Neutral,Neutral,Neutral,Agree,"Academic or professional networking, Staying informed about news/events, Self-expression / creativity"
3/18/2026 14:00:00,Leo White,leo.white@mun.ca,5/5/2005,20.0,british columbia,Female,2.0,Psychology,1.0,2.0,1.0,2.0,0.0,0.0,7.0,Smartphone,Strong agree,Neutral,Neutral,Agree,"Staying in touch with friends / family, Staying informed about news/events, Self-expression / creativity"
3/19/2026 13:00:00,Fatima Singh,fatima.singh@icloud.com,,,ON,,3.0,stats,0.0,1.0,1.0,1.0,0.0,0.0,8.0,"Smartphone, Laptop, Tablet, Gaming console",Strong agree,Strongly disagree,Disagree,Agree,"Staying in touch with friends / family, Entertainment / passing time, Academic or professional networking, Staying informed about news/events, Self-expression / creativity"
3/10/2026 09:00:00,Diego Young,diego.young@yorku.ca,12/9/2002,23.0,ontario,,1.0,enginering,0.0,1.0,0.0,1.0,0.0,0.0,6.0,"Smartphone, Laptop",Strong agree,Strongly disagree,Disagree,Neutral,"Entertainment / passing time, Academic or professional networking, Staying informed about news/events, Self-expression / creativity"
3/17/2026 11:00:00,Mateo Clark,mateo.clark@outlook.com,10/24/2003,22.0,B.C.,Male,1.0,Visual Art,1.0,2.0,1.0,2.0,0.0,0.0,6.0,"Smartphone, Laptop",Agree,Neutral,Disagree,Neutral,"Staying in touch with friends / family, Staying informed about news/events, Self-expression / creativity"
3/4/2026 17:00:00,Lucas Singh,lucas.singh@yahoo.com,10/17/2005,20.0,ontario,Male,4.0,Biolgy,1.0,2.0,1.0,2.0,0.0,0.0,6.0,Gaming console,Agree,Disagree,Disagree,Agree,"Staying in touch with friends / family, Staying informed about news/events, Self-expression / creativity"
3/13/2026 11:00:00,Liam Dubois,liam.dubois@queensu.ca,9/10/2008,17.0,British Columbia,Male,1.0,chem,,2.0,2.0,3.0,0.0,0.0,,"Smartphone, Laptop, Gaming console",Agree,Neutral,Neutral,Neutral,"Staying in touch with friends / family, Entertainment / passing time, Academic or professional networking, Staying informed about news/events"
3/7/2026 14:00:00,Hana Taylor,hana.taylor@queensu.ca,3/16/2007,19.0,british columbia,Male,4.0,econ,0.0,1.0,1.0,1.0,0.0,0.0,7.0,"Smartphone, Laptop, Gaming console",Neutral,Disagree,Disagree,Agree,"Entertainment / passing time, Staying informed about news/events, Self-expression / creativity"
3/19/2026 15:00:00,Elena Clark,elena.clark@hotmail.com,3/13/2008,18.0,B.C.,Male,2.0,econ,1.0,2.0,1.0,1.0,0.0,0.0,7.0,"Smartphone, Laptop, Tablet",Strong agree,Disagree,Disagree,Neutral,"Entertainment / passing time, Self-expression / creativity"
3/5/2026 12:00:00,Mia Lopez,mia.lopez@gmail.com,9/30/1998,27.0,BC,Female,3.0,econ,1.0,1.0,1.0,1.0,0.0,0.0,7.0,"Smartphone, Smart TV",Agree,Disagree,Strongly disagree,Agree,Academic or professional networking
3/1/2026 08:00:00,Ethan Smith,ethan.smith@icloud.com,8/22/2008,17.0,BC,Male,1.0,Biolgy,1.0,2.0,1.0,1.0,0.0,0.0,6.0,"Smartphone, Laptop",Agree,Neutral,Disagree,Neutral,"Staying in touch with friends / family, Entertainment / passing time, Academic or professional networking, Staying informed about news/events, Self-expression / creativity"
3/18/2026 18:00:00,Fatima Dubois,fatima.dubois@hotmail.com,7/22/2004,21.0,BC,Male,2.0,Economics,1.0,2.0,1.0,1.0,0.0,0.0,6.0,"Laptop, Gaming console",Disagree,Strongly disagree,Neutral,Agree,"Staying in touch with friends / family, Entertainment / passing time, Academic or professional networking"
3/18/2026 13:00:00,Aisha Martin,aisha.martin@outlook.com,11/4/2004,21.0,,Female,1.0,Economics,0.0,1.0,1.0,1.0,0.0,0.0,7.0,Gaming console,Strong agree,Strongly disagree,Disagree,,"Academic or professional networking, Self-expression / creativity"
3/11/2026 09:00:00,Chloe Clark,chloe.clark@ucalgary.ca,3/11/2000,26.0,British Columbia,Male,2.0,engineering,0.0,1.0,0.0,1.0,0.0,0.0,9.0,Smartphone,Agree,Strongly disagree,Disagree,Agree,"Academic or professional networking, Self-expression / creativity"
3/5/2026 14:00:00,Leo Chen,leo.chen@gmail.com,5/24/2001,24.0,B.C.,Male,2.0,Engineering,1.0,1.0,1.0,1.0,0.0,0.0,8.0,"Smartphone, Laptop",Agree,Disagree,Neutral,Neutral,"Staying in touch with friends / family, Staying informed about news/events, Self-expression / creativity"
3/2/2026 20:00:00,Ethan Moore,ethan.moore@yahoo.com,2/27/1999,27.0,BC,Female,4.0,stats,1.0,1.0,1.0,1.0,0.0,0.0,8.0,"Smartphone, Laptop, Gaming console",Neutral,Disagree,Disagree,Neutral,Staying in touch with friends / family
3/6/2026 17:00:00,Ravi Hernandez,ravi.hernandez@wilfridlaurier.ca,9/14/2007,18.0,BC,Non-binary,1.0,Statistics,1.0,2.0,1.0,1.0,0.0,0.0,8.0,"Smartphone, Laptop",Strong agree,Disagree,Disagree,Neutral,"Staying in touch with friends / family, Entertainment / passing time, Self-expression / creativity"
3/8/2026 15:00:00,Nina Wilson,nina.wilson@proton.me,6/9/2004,21.0,British Columbia,Male,2.0,comp sci,1.0,2.0,1.0,1.0,0.0,0.0,7.0,"Smartphone, Smart TV",Agree,Disagree,Neutral,Agree,"Staying in touch with friends / family, Academic or professional networking, Staying informed about news/events, Self-expression / creativity"
3/12/2026 16:00:00,Lucas Patel,lucas.patel@umontreal.ca,11/29/2006,,AB,Male,4.0,chem,,1.0,1.0,1.0,0.0,0.0,8.0,"Smartphone, Laptop",Strong agree,Disagree,Disagree,,"Staying in touch with friends / family, Entertainment / passing time, Staying informed about news/events"
3/19/2026 11:00:00,Yuki Smith,yuki.smith@gmail.com,11/21/2005,20.0,british columbia,Female,3.0,psycology,0.0,1.0,1.0,1.0,0.0,0.0,8.0,"Smartphone, Laptop, Desktop computer",Neutral,Strongly disagree,Disagree,Agree,"Entertainment / passing time, Self-expression / creativity"
3/8/2026 18:00:00,Fatima Patel,fatima.patel@umanitoba.ca,2/11/2005,21.0,BC,,2.0,CompSci,1.0,2.0,1.0,3.0,0.0,0.0,7.0,"Smartphone, Laptop",Neutral,Disagree,Neutral,Agree,"Academic or professional networking, Staying informed about news/events, Self-expression / creativity"
3/4/2026 18:00:00,Diego Khan,diego.khan@yahoo.com,2/5/2003,23.0,BC,Male,2.0,engineering,1.0,2.0,1.0,1.0,0.0,0.0,6.0,Desktop computer,Neutral,Neutral,Neutral,Agree,"Staying in touch with friends / family, Entertainment / passing time"
3/15/2026 20:00:00,Jamal Harris,jamal.harris@yahoo.com,3/28/1999,26.0,BC,Male,2.0,CompSci,0.0,1.0,1.0,1.0,0.0,0.0,8.0,"Smartphone, Laptop",Neutral,Strongly disagree,,Agree,"Entertainment / passing time, Academic or professional networking, Staying informed about news/events"
3/6/2026 08:00:00,Jamal Khan,jamal.khan@yahoo.com,2/29/2008,18.0,NS,Female,1.0,engineering,1.0,2.0,1.0,1.0,0.0,0.0,7.0,"Smartphone, Laptop, Desktop computer",Agree,Neutral,Disagree,Agree,"Staying in touch with friends / family, Academic or professional networking, Staying informed about news/events"
3/7/2026 15:00:00,Zara Khan,zara.khan@gmail.com,12/20/2006,19.0,ON,Male,3.0,comp sci,1.0,1.0,1.0,1.0,0.0,0.0,8.0,Smartphone,Strong agree,Disagree,Disagree,Agree,"Entertainment / passing time, Staying informed about news/events"
3/6/2026 16:00:00,Hana Smith,hana.smith@proton.me,1/14/2004,22.0,Alberta,Female,4.0,Creative Writing,1.0,2.0,1.0,1.0,0.0,0.0,7.0,"Smartphone, Tablet",Neutral,Neutral,Disagree,Agree,"Staying in touch with friends / family, Entertainment / passing time, Academic or professional networking, Staying informed about news/events"
3/14/2026 18:00:00,Ethan Taylor,ethan.taylor@ontariotechu.ca,8/11/2002,,british columbia,Female,3.0,stats,1.0,1.0,1.0,1.0,0.0,0.0,8.0,,Strong agree,Disagree,Disagree,Agree,"Staying in touch with friends / family, Entertainment / passing time, Academic or professional networking, Staying informed about news/events"
3/17/2026 09:00:00,Chloe Patel,,9/19/2006,19.0,british columbia,Male,1.0,CompSci,0.0,1.0,0.0,1.0,0.0,0.0,7.0,"Smartphone, Desktop computer, Gaming console",Agree,Disagree,Disagree,Agree,"Staying in touch with friends / family, Staying informed about news/events, Self-expression / creativity"
3/9/2026 18:00:00,Noor Martin,noor.martin@icloud.com,11/30/2000,25.0,B.C.,Female,1.0,econ,1.0,2.0,1.0,1.0,0.0,0.0,7.0,"Smartphone, Tablet, Gaming console",Strong agree,Disagree,Disagree,Agree,"Entertainment / passing time, Academic or professional networking, Staying informed about news/events"
3/18/2026 13:00:00,Noor Lopez,noor.lopez@gmail.com,12/14/2008,17.0,BC,Male,1.0,stats,2.0,3.0,2.0,3.0,1.0,0.0,5.0,"Smartphone, Laptop",Neutral,Agree,Agree,Disagree,Staying in touch with friends / family
3/14/2026 18:00:00,Amir Clark,amir.clark@icloud.com,7/3/2003,22.0,ontario,Female,1.0,Creative Writing,1.0,1.0,1.0,1.0,0.0,0.0,8.0,"Smartphone, Laptop",Neutral,Disagree,Disagree,Neutral,"Entertainment / passing time, Academic or professional networking, Staying informed about news/events, Self-expression / creativity"
3/15/2026 13:00:00,Chloe Lewis,chloe.lewis@icloud.com,3/29/2000,25.0,British Columbia,Male,4.0,stats,0.0,1.0,1.0,1.0,0.0,0.0,7.0,Desktop computer,,Disagree,Disagree,Neutral,"Staying in touch with friends / family, Entertainment / passing time, Academic or professional networking, Staying informed about news/events, Self-expression / creativity"
3/18/2026 20:00:00,Yuki Hernandez,yuki.hernandez@proton.me,3/26/2003,22.0,British Columbia,Female,4.0,comp sci,1.0,1.0,1.0,1.0,0.0,0.0,,"Smartphone, Laptop",Agree,Disagree,,Neutral,Staying in touch with friends / family
3/4/2026 09:00:00,Hana Khan,hana.khan@hotmail.com,10/22/2004,21.0,Alberta,Female,1.0,psycology,0.0,0.0,0.0,1.0,0.0,,8.0,"Smartphone, Laptop",Agree,Strongly disagree,Strongly disagree,Strong agree,"Entertainment / passing time, Academic or professional networking"
3/16/2026 16:00:00,Noah Clark,noah.clark@usask.ca,10/26/2002,23.0,NS,Female,2.0,Physics,1.0,1.0,1.0,1.0,0.0,0.0,8.0,"Smartphone, Laptop",Agree,Disagree,Disagree,Neutral,"Entertainment / passing time, Academic or professional networking, Staying informed about news/events"
3/15/2026 08:00:00,Zara Smith,zara.smith@proton.me,4/19/2005,20.0,british columbia,Male,1.0,Statistics,1.0,1.0,1.0,1.0,0.0,0.0,7.0,"Smartphone, Desktop computer, Tablet",,Disagree,Disagree,Neutral,"Entertainment / passing time, Self-expression / creativity"
3/15/2026 13:00:00,Diego White,diego.white@hotmail.com,4/3/2004,21.0,B.C.,Male,2.0,econ,1.0,1.0,1.0,1.0,0.0,0.0,8.0,Tablet,Agree,Neutral,Disagree,Neutral,"Entertainment / passing time, Staying informed about news/events"
3/16/2026 14:00:00,Kai White,kai.white@yahoo.com,12/28/2003,22.0,BC,Female,3.0,,0.0,1.0,1.0,1.0,0.0,0.0,8.0,Tablet,Agree,Disagree,Disagree,Agree,"Staying in touch with friends / family, Entertainment / passing time, Academic or professional networking, Self-expression / creativity"
3/1/2026 13:00:00,Ravi Khan,ravi.khan@ucalgary.ca,6/13/2002,23.0,BC,Male,2.0,Psychology,0.0,1.0,1.0,1.0,0.0,0.0,7.0,"Smartphone, Laptop, Desktop computer, Tablet",Agree,Disagree,Neutral,Neutral,"Staying in touch with friends / family, Entertainment / passing time, Staying informed about news/events, Self-expression / creativity"
3/8/2026 12:00:00,Kai Khan,kai.khan@dal.ca,,25.0,Nova Scotia,Non-binary,1.0,Statistics,1.0,1.0,1.0,1.0,0.0,0.0,7.0,"Laptop, Desktop computer",Agree,Strongly disagree,Disagree,Neutral,"Staying in touch with friends / family, Entertainment / passing time, Academic or professional networking, Staying informed about news/events"
3/9/2026 19:00:00,Ravi Moore,ravi.moore@gmail.com,2/13/1997,29.0,ontario,Male,3.0,Economics,0.0,0.0,0.0,1.0,0.0,0.0,9.0,"Smartphone, Desktop computer, Tablet",Agree,Strongly disagree,Disagree,Agree,"Staying in touch with friends / family, Entertainment / passing time, Academic or professional networking, Self-expression / creativity"
3/17/2026 11:00:00,Mia Young,mia.young@proton.me,10/20/2008,17.0,Nova Scotia,Female,1.0,econ,1.0,1.0,,1.0,0.0,0.0,7.0,"Smartphone, Laptop, Desktop computer, Smart TV",Agree,Neutral,Disagree,Neutral,"Staying in touch with friends / family, Entertainment / passing time, Academic or professional networking"
3/4/2026 19:00:00,Jamal Hernandez,jamal.hernandez@outlook.com,,17.0,ontario,Female,1.0,chem,1.0,2.0,1.0,1.0,0.0,0.0,6.0,"Smartphone, Tablet, Smart TV",Agree,Disagree,Disagree,Agree,"Academic or professional networking, Staying informed about news/events, Self-expression / creativity"
3/11/2026 17:00:00,Isabella Smith,isabella.smith@uwo.ca,4/9/2008,17.0,british columbia,Female,1.0,Statistics,1.0,2.0,1.0,2.0,0.0,0.0,6.0,"Smartphone, Tablet, Smart TV",Agree,Neutral,Neutral,Neutral,"Staying in touch with friends / family, Entertainment / passing time, Academic or professional networking, Self-expression / creativity"
3/19/2026 14:00:00,Priya Smith,,11/6/2005,20.0,Alta,Male,3.0,Biology,1.0,2.0,1.0,1.0,0.0,0.0,6.0,"Smartphone, Laptop",Neutral,Neutral,Neutral,Agree,"Entertainment / passing time, Academic or professional networking, Staying informed about news/events"
3/15/2026 13:00:00,Diego White,diego.white@hotmail.com,4/3/2004,21.0,B.C.,Male,2.0,econ,1.0,1.0,1.0,1.0,0.0,0.0,8.0,Tablet,Agree,Neutral,Disagree,Neutral,"Entertainment / passing time, Staying informed about news/events"
3/3/2026 08:00:00,Arjun Roy,arjun.roy@uottawa.ca,5/13/2002,23.0,BC,Female,3.0,enginering,1.0,1.0,1.0,1.0,0.0,0.0,7.0,"Smartphone, Tablet",Disagree,Neutral,Disagree,Neutral,"Entertainment / passing time, Academic or professional networking, Self-expression / creativity"
1/1/2026 11:35:00,Mateo Chen,mateo.chen@yahoo.com,11/8/2002,23.0,B.C.,Female,2.0,Psychology,1.0,2.0,1.0,1.0,0.0,0.0,6.0,"Laptop, Desktop computer, Tablet, Smart TV",Neutral,Disagree,Disagree,Strong agree,"Academic or professional networking, Self-expression / creativity"
3/11/2026 18:00:00,Lucas Patel,lucas.patel@gmail.com,7/25/2007,18.0,British Columbia,Female,3.0,Computer Science,1.0,2.0,1.0,2.0,0.0,0.0,7.0,Smartphone,Neutral,Disagree,Disagree,Agree,"Entertainment / passing time, Staying informed about news/events, Self-expression / creativity"
3/8/2026 17:00:00,Mei Jackson,mei.jackson@gmail.com,5/22/2008,,ON,Female,1.0,econ,1.0,2.0,1.0,1.0,0.0,0.0,7.0,Smartphone,Agree,Neutral,Disagree,Neutral,"Staying in touch with friends / family, Entertainment / passing time, Academic or professional networking, Staying informed about news/events, Self-expression / creativity"
3/2/2026 11:00:00,Ava Dubois,ava.dubois@mcgill.ca,11/24/2006,19.0,british columbia,Male,1.0,Psychology,1.0,2.0,1.0,3.0,0.0,0.0,6.0,"Smartphone, Desktop computer",Neutral,Disagree,Neutral,Agree,"Staying in touch with friends / family, Entertainment / passing time, Staying informed about news/events"
3/5/2026 12:00:00,Noor Wilson,noor.wilson@gmail.com,11/9/2007,18.0,ontario,Female,3.0,Engineering,1.0,1.0,1.0,1.0,0.0,0.0,7.0,"Smartphone, Laptop, Desktop computer, Tablet",Agree,Neutral,Disagree,Agree,"Staying in touch with friends / family, Entertainment / passing time"
3/16/2026 11:00:00,Lucas Wilson,lucas.wilson@stfx.ca,6/27/2007,18.0,B.C.,Female,3.0,Biology,1.0,1.0,1.0,1.0,0.0,0.0,6.0,"Laptop, Desktop computer, Gaming console, Smart TV",Agree,Disagree,Disagree,Neutral,"Staying in touch with friends / family, Academic or professional networking, Staying informed about news/events, Self-expression / creativity"
3/6/2026 16:00:00,Lucas Hernandez,lucas.hernandez@gmail.com,1/26/2005,21.0,Manitoba,Male,2.0,Economics,1.0,3.0,2.0,2.0,1.0,0.0,5.0,"Laptop, Desktop computer",Neutral,Neutral,Agree,Neutral,"Staying in touch with friends / family, Entertainment / passing time, Academic or professional networking, Self-expression / creativity"
3/8/2026 08:00:00,Nina Brown,nina.brown@icloud.com,8/27/2005,20.0,Alberta,,2.0,Computer Science,1.0,2.0,1.0,1.0,0.0,0.0,7.0,"Smartphone, Laptop",Agree,Disagree,Disagree,Strong agree,
3/11/2026 10:00:00,Priya Thomas,priya.thomas@icloud.com,6/23/2006,,B.C.,Female,2.0,chem,0.0,1.0,1.0,1.0,0.0,0.0,8.0,"Smartphone, Desktop computer",Agree,Strongly disagree,Strongly disagree,Agree,"Staying in touch with friends / family, Entertainment / passing time, Academic or professional networking, Self-expression / creativity"
3/16/2026 13:00:00,Diego Lee,diego.lee@sfu.ca,10/12/2005,20.0,BC,Male,4.0,biology,1.0,1.0,1.0,1.0,0.0,0.0,8.0,"Smartphone, Laptop",Agree,Disagree,Disagree,,"Staying in touch with friends / family, Entertainment / passing time, Academic or professional networking, Staying informed about news/events, Self-expression / creativity"
3/5/2026 16:00:00,Emma Lee,emma.lee@viu.ca,8/14/2009,16.0,MB,Male,3.0,Chemistry,1.0,1.0,1.0,1.0,0.0,0.0,7.0,"Smartphone, Laptop, Gaming console",Agree,Disagree,,Neutral,"Staying in touch with friends / family, Entertainment / passing time, Academic or professional networking, Staying informed about news/events, Self-expression / creativity"
3/8/2026 08:00:00,Zara Garcia,zara.garcia@hotmail.com,,18.0,BC,Male,1.0,psycology,1.0,2.0,1.0,2.0,0.0,,6.0,Laptop,Agree,Disagree,Neutral,Agree,"Staying in touch with friends / family, Entertainment / passing time, Academic or professional networking, Staying informed about news/events"
3/12/2026 09:00:00,Mateo Jackson,mateo.jackson@icloud.com,1/25/1999,27.0,B.C.,Male,1.0,biology,0.0,,0.0,1.0,0.0,0.0,8.0,"Desktop computer, Tablet",Strong agree,Disagree,Disagree,Agree,"Entertainment / passing time, Staying informed about news/events, Self-expression / creativity"
3/8/2026 12:00:00,Kai Khan,kai.khan@dal.ca,,25.0,Nova Scotia,Non-binary,1.0,Statistics,1.0,1.0,1.0,1.0,0.0,0.0,7.0,"Laptop, Desktop computer",Agree,Strongly disagree,Disagree,Neutral,"Staying in touch with friends / family, Entertainment / passing time, Academic or professional networking, Staying informed about news/events"
3/19/2026 11:00:00,Sofia Harris,sofia.harris@uwaterloo.ca,,,British Columbia,Prefer not to say,1.0,Biology,1.0,2.0,1.0,3.0,0.0,0.0,5.0,,Neutral,Neutral,Neutral,Neutral,"Staying in touch with friends / family, Entertainment / passing time, Academic or professional networking, Staying informed about news/events"
3/3/2026 17:00:00,Zara Anderson,zara.anderson@yahoo.com,12/3/2005,20.0,QC,Male,4.0,engineering,1.0,1.0,1.0,1.0,0.0,0.0,8.0,Laptop,Agree,Neutral,Disagree,Neutral,"Staying in touch with friends / family, Entertainment / passing time"
3/6/2026 11:00:00,Leo Lewis,leo.lewis@hotmail.com,11/8/2008,17.0,ontario,Male,1.0,econ,1.0,2.0,1.0,1.0,0.0,0.0,6.0,"Smartphone, Laptop, Smart TV",,Disagree,Disagree,Agree,"Entertainment / passing time, Staying informed about news/events"
3/16/2026 16:00:00,Noah Clark,noah.clark@usask.ca,10/26/2002,23.0,NS,Female,2.0,Physics,1.0,1.0,1.0,1.0,0.0,0.0,8.0,"Smartphone, Laptop",Agree,Disagree,Disagree,Neutral,"Entertainment / passing time, Academic or professional networking, Staying informed about news/events"
3/15/2026 08:00:00,Zara Smith,zara.smith@proton.me,4/19/2005,20.0,british columbia,Male,1.0,Statistics,1.0,1.0,1.0,1.0,0.0,0.0,7.0,"Smartphone, Desktop computer, Tablet",,Disagree,Disagree,Neutral,"Entertainment / passing time, Self-expression / creativity"
3/10/2026 13:00:00,Liam White,liam.white@usask.ca,,,BC,Female,4.0,comp sci,0.0,1.0,1.0,1.0,0.0,0.0,,"Smartphone, Tablet",Strong agree,Disagree,Disagree,Agree,"Staying informed about news/events, Self-expression / creativity"
3/9/2026 15:00:00,Hana Chen,hana.chen@yorku.ca,4/16/2003,22.0,Ontario,Male,2.0,Visual Art,1.0,2.0,1.0,1.0,0.0,0.0,6.0,Smartphone,Neutral,Disagree,Disagree,Agree,"Entertainment / passing time, Academic or professional networking, Staying informed about news/events"
1/1/2026 10:16:00,Priya White,priya.white@ucalgary.ca,1/15/2006,20.0,ON,Male,3.0,Creative Writing,1.0,2.0,1.0,2.0,0.0,0.0,6.0,"Smartphone, Laptop, Desktop computer",Strong agree,Disagree,Disagree,Agree,"Academic or professional networking, Staying informed about news/events"
